field_1,ID,lan_long,pic_code,lan,long,a,b,c,d,e,f,g,h,i,j,k
"2664",Lund_02669,"55.7107811,13.181663",AF1QipOeWjdgEnNs2gp-oZJXcWC1iupPl2U3de9UFBym,55.710781099999998,13.181663000000000,,,,,,,,,,,
"2741",Lund_02746,"55.7079244,13.1889937",AF1QipNEM0qtaspq2ULNPBIupR1omaePB-zSJEbrL7Zb,55.707924399999996,13.188993700000001,Lund_02746,Building,Architecture,Restaurant,Font,Facade,Signage,,,,
"770",Lund_00771,"55.705978,13.196264",AF1QipPT8WfVY5FoERjdWACwt1j5yDHlGe37ardJ6oCT,55.705978000000002,13.196264000000001,Lund_00771,Building,Estate,Palace,Mansion,Official residence,Château,Stately home,Landmark,Classical architecture,Presidential palace
"887",Lund_00888,"55.705978,13.196264",AF1QipOw1bL_zxOxdeq2tm0fv-8HisfnM0k7rpYvN6Wj,55.705978000000002,13.196264000000001,Lund_00888,Estate,Building,Landmark,Mansion,Palace,Official residence,Stately home,Property,Presidential palace,Architecture
"2783",Lund_02788,"55.6995641,13.2431078",AF1QipNZ3ZQyGx8pC19advc4JRNaWzfeEgPY1n2Wzra2,55.699564100000003,13.243107800000001,Lund_02788,Tree,Green,Grass,Vegetation,Natural landscape,Plant,Woody plant,Land lot,Spring,Lawn
"1636",Lund_01637,"55.7042547,13.1973299",AF1QipMzjX0rcBs6W-KtKbx_yinAp-MCqM-tWdXpEKtT,55.704254700000000,13.197329900000000,Lund_01637,Property,Cottage,House,Building,Roof,Home,Farmhouse,Rural area,Real estate,Tree
"2256",Lund_02258,"55.6966644,13.2465241",AF1QipOJzyVV9DFZECb0hCk3pZx6-nCgc21nsQnaeoXc,55.696664399999996,13.246524100000000,Lund_02258,Tree,Property,Natural landscape,Residential area,Sky,Architecture,Grass,House,Road,Woody plant
"2286",Lund_02288,"55.6966644,13.2465241",AF1QipOtI7twQzT6WZVzLXGhurH_wcuEqVeINlRhru6i,55.696664399999996,13.246524100000000,Lund_02288,Snow,Winter,Architecture,Property,Freezing,Transport,Neighbourhood,Mixed-use,Building,Residential area
"2441",Lund_02446,"55.6966644,13.2465241",AF1QipNwcndJmKLL7jCqG2s3OCnZWUa8KJ6iNmGKlM7j,55.696664399999996,13.246524100000000,Lund_02446,Tree,Property,Natural landscape,Residential area,Sky,Architecture,Grass,House,Road,Woody plant
"2484",Lund_02489,"55.6966644,13.2465241",AF1QipPsaGzbuXP3MUA0OMdpcmpOZSHhtxJEIDwPw7N9,55.696664399999996,13.246524100000000,Lund_02489,Leaf,Tree,Sky,Autumn,Natural landscape,Residential area,Daytime,Real estate,Public space,Neighbourhood
"2617",Lund_02622,"55.6966644,13.2465241",AF1QipMd5Im1NKjiJ-p_iyWMFPpIaSEQYzNRgL9uIKEm,55.696664399999996,13.246524100000000,Lund_02622,Residential area,Property,Architecture,Building,House,Apartment,Real estate,Facade,Neighbourhood,Home
"2753",Lund_02758,"55.6966644,13.2465241",AF1QipP6Vk3WO57608VL4ztHwGzkZ6r6MGjYnUIIGI9J,55.696664399999996,13.246524100000000,Lund_02758,Flower,Plant,Garden,Shrub,Landscape,Yard,Flowering plant,Landscaping,Grass,Annual plant
"2955",Lund_03031,"55.6966644,13.2465241",AF1QipOAbs8az7CjtfozDAqu_94PqwZ7MJf3QKcltGbE,55.696664399999996,13.246524100000000,Lund_03031,Road,Asphalt,Property,Lane,Residential area,Infrastructure,Road surface,Thoroughfare,Tree,Architecture
"2965",Lund_03044,"55.6966644,13.2465241",AF1QipP4BRCK1NAHfMPBF1CfEmJPUUrAD2DtdcJfThmS,55.696664399999996,13.246524100000000,Lund_03044,Residential area,Property,Architecture,Building,House,Apartment,Real estate,Facade,Neighbourhood,Home
"2980",Lund_03078,"55.6966644,13.2465241",AF1QipOudC2Sm1KTEZr-W4HfxJu2vynimO3neDrjsQGU,55.696664399999996,13.246524100000000,Lund_03078,Property,Residential area,Land lot,Architecture,Tree,Grass,Grass family,House,Plant,Building
"0",Lund_00001,"55.7046601,13.1910073",AF1QipORzUOzzjAZzMc6UjcL21gmM3v6jY3x4gL6g7BZ,55.704660100000005,13.191007300000001,Lund_00001,Building,Landmark,Town,Architecture,City,Property,Human settlement,Facade,Mixed-use,Sky
"1",Lund_00002,"55.7046601,13.1910073",AF1QipNmJAa0_UzfmN0ApXBLrYVsGhjsKinDxQOAEKNF,55.704660100000005,13.191007300000001,Lund_00002,Classical architecture,Building,Architecture,Landmark,Palace,Facade,Official residence,Mansion,Courthouse,House
"3",Lund_00004,"55.7046601,13.1910073",AF1QipPje9dS42dth7KteE4baH7Qc7z3K6AifsLt2jWk,55.704660100000005,13.191007300000001,Lund_00004,Building,Landmark,Palace,Architecture,Mansion,Official residence,Estate,Presidential palace,Classical architecture,Tourism
"4",Lund_00005,"55.7046601,13.1910073",AF1QipO090F4ay9dH788zZv310MwCSfEPB5dod1BQKGN,55.704660100000005,13.191007300000001,Lund_00005,Building,Estate,Property,Architecture,House,Landmark,Mansion,Official residence,Stately home,Tree
"5",Lund_00006,"55.7046601,13.1910073",AF1QipPIOY_LOYxr8Q4PiSRhzqabGMlEk49fH-Cm1ckH,55.704660100000005,13.191007300000001,Lund_00006,Garden,Botanical garden,Park,Botany,Lawn,Spring,Plant,Tree,Grass,Landscaping
"6",Lund_00007,"55.7046601,13.1910073",AF1QipP9qV7cDIVhOEWN2XsF6BXcDi12r6xBcbSDGM1h,55.704660100000005,13.191007300000001,Lund_00007,Building,Architecture,Landmark,Town,Transport,City,Mixed-use,Tree,Facade,House
"7",Lund_00008,"55.7046601,13.1910073",AF1QipO0D6cJBdC4PrdR2xR78vTKJiPORDW_NjRzMkpd,55.704660100000005,13.191007300000001,Lund_00008,Landmark,Spire,Building,Architecture,Steeple,Church,Place of worship,Parish,Tree,Sky
"8",Lund_00009,"55.7018149,13.1947216",AF1QipNUpyRpK9BfgxOfnJAlq62HuGxHwl10obOZ4MZX,55.701814899999995,13.194721599999999,Lund_00009,Building,Awning,Kiosk,,,,,,,
"9",Lund_00010,"55.7046601,13.1910073",AF1QipPAsqcV58ZDnxYfUtRlGsWjZvNvSE-WExQ1NcAB,55.704660100000005,13.191007300000001,Lund_00010,Medieval architecture,Architecture,Building,Landmark,Place of worship,Cathedral,Gothic architecture,Church,Facade,Historic site
"10",Lund_00011,"55.7046601,13.1910073",AF1QipNLiH6kbMpRRvETz94X30Xa9iT0vuYFPAWwUuv_,55.704660100000005,13.191007300000001,Lund_00011,Building,Estate,Mansion,Landmark,Palace,Property,Architecture,Classical architecture,Stately home,Château
"11",Lund_00012,"55.7046601,13.1910073",AF1QipNPnhDxqN-T8BKHoz_MmhGDPo005P_FATx8Jn8,55.704660100000005,13.191007300000001,Lund_00012,Property,Building,Architecture,House,Town,Estate,Real estate,Home,City,Facade
"12",Lund_00013,"55.7046601,13.1910073",AF1QipOzib9rB4ySVVEg2NNo1lH9p0l47f7fOLCmCEWh,55.704660100000005,13.191007300000001,Lund_00013,Building,Landmark,Architecture,Facade,Town,Vehicle,Sky,Car,House,City
"13",Lund_00014,"55.7046601,13.1910073",AF1QipPcGRaQjfPvYC6FInLde35aXfAdSS19dG8omYc7,55.704660100000005,13.191007300000001,Lund_00014,Landmark,Medieval architecture,Architecture,Building,Place of worship,Classical architecture,Church,Sky,Facade,Cathedral
"14",Lund_00015,"55.7046601,13.1910073",AF1QipME0Peuhqgqv1AUJFtta_teeM49HwYt0SOnUm8,55.704660100000005,13.191007300000001,Lund_00015,Building,Property,House,Architecture,Town,Home,Almshouse,Brick,Roof,Facade
"16",Lund_00017,"55.7046601,13.1910073",AF1QipOrjWGKJd8ecliSHAaU3wAsNJgu0VMPwDYLFKLR,55.704660100000005,13.191007300000001,Lund_00017,Tree,Natural landscape,Walkway,Park,Grass,Garden,Botany,Botanical garden,Road,Thoroughfare
"17",Lund_00018,"55.7046601,13.1910073",AF1QipOOV6Xobg3I7xYUbyMwVjVFm-xLVF9JgT_WCOiw,55.704660100000005,13.191007300000001,Lund_00018,Landmark,Estate,Building,Mansion,Architecture,Palace,Sky,Stately home,Classical architecture,House
"18",Lund_00019,"55.7046601,13.1910073",AF1QipMFb_x3ScNacMsAHnZ_xc85WW8JRUrxvSA9mUHo,55.704660100000005,13.191007300000001,Lund_00019,Tree,Garden,Natural landscape,Grass,Lawn,Botanical garden,Park,Botany,Estate,Plant
"19",Lund_00020,"55.7046601,13.1910073",AF1QipMXtHS7BFJHwtwnZ2jFl1t1pywGC9KSEY7OjAtj,55.704660100000005,13.191007300000001,Lund_00020,Landmark,Estate,Building,Architecture,Tree,Mansion,Palace,Château,Stately home,Sky
"20",Lund_00021,"55.7046601,13.1910073",AF1QipMCBMGAIydewJMIx22def3FYFPr0oydblFu9ac1,55.704660100000005,13.191007300000001,Lund_00021,Building,Landmark,Town,Architecture,Sky,City,Urban area,House,Neighbourhood,Facade
"21",Lund_00022,"55.7046601,13.1910073",AF1QipMmrVp9yIOxvGCdl94ljalvQ5fTq4UjQLZa5-I,55.704660100000005,13.191007300000001,Lund_00022,Statue,Sculpture,Monument,Memorial,Landmark,Classical sculpture,Grass,Art,Tree,Stone carving
"22",Lund_00023,"55.7042309,13.1895735",AF1QipM3ptr9f-oPbeayYGaH74Ir7L-sNDDW_qoR8rp7,55.704230899999999,13.189573499999998,,,,,,,,,,,
"23",Lund_00024,"55.7039327,13.1933625",AF1QipPrRJbcB4W2uIW47Qu7Bz0T_kFNSrrQQ80thMkz,55.703932700000003,13.193362499999999,,,,,,,,,,,
"24",Lund_00025,"55.7046601,13.1910073",AF1QipPAHOcAKSzKMw3NHGfQrRFMN4mI23vRITgEraIU,55.704660100000005,13.191007300000001,Lund_00025,Holy places,Building,Chapel,Aisle,Place of worship,Architecture,Church,Basilica,Cathedral,Arch
"25",Lund_00026,"55.7046601,13.1910073",AF1QipOLRH3VNgLgSbc8hJGXIQdlb3O6sQst3mz6UOG9,55.704660100000005,13.191007300000001,Lund_00026,Building,Landmark,Architecture,Church,Tree,Parish,Spire,Steeple,College,Estate
"26",Lund_00027,"55.7046601,13.1910073",AF1QipNZt2N_3Lw60eZybaHrh4Ze0aptIg7bbqh91O8,55.704660100000005,13.191007300000001,Lund_00027,Building,Café,Coffeehouse,Restaurant,Glass,Fast food restaurant,,,,
"27",Lund_00028,"55.7046601,13.1910073",AF1QipOzgbnoazxDvVUn09rt5btFlD5KLKleU5ARQdI,55.704660100000005,13.191007300000001,Lund_00028,House,Property,Building,Architecture,Facade,Wall,Window,Home,Tree,Brickwork
"28",Lund_00029,"55.7046601,13.1910073",AF1QipOdp5y0eEMuNFyIBaxNXeXB88xUBm42Jp4zLi38,55.704660100000005,13.191007300000001,Lund_00029,Estate,Building,Mansion,Property,Palace,Official residence,Manor house,House,Stately home,Architecture
"29",Lund_00030,"55.7046601,13.1910073",AF1QipMQfcS5PEuY_c5nZwypz32r7GQZm87GE4mdLKan,55.704660100000005,13.191007300000001,Lund_00030,Property,Building,Mansion,Estate,Stately home,House,Palace,Architecture,Real estate,Manor house
"30",Lund_00031,"55.7046601,13.1910073",AF1QipPupbpi-Gh8TntfN6r48-BIMhNYnhOwbZpOr1GF,55.704660100000005,13.191007300000001,Lund_00031,Building,Classical architecture,Architecture,Landmark,Property,Facade,Official residence,Palace,Courthouse,Mansion
"31",Lund_00032,"55.7046601,13.1910073",AF1QipNInMt9dU61Jh7urHMv6ilEmYQIOmanfCBmnApY,55.704660100000005,13.191007300000001,Lund_00032,Public space,City,Town,Human settlement,Architecture,Mode of transport,Building,Tree,Town square,Bicycle
"32",Lund_00033,"55.7046601,13.1910073",AF1QipM4gAFlWKjby9ykDQO3vmIyvhwndys69S07p3vJ,55.704660100000005,13.191007300000001,Lund_00033,Natural landscape,Rapeseed,Field,Meadow,Canola,Nature,Grassland,Pasture,Natural environment,Land lot
"33",Lund_00034,"55.7046601,13.1910073",AF1QipNAWWV44zVQj-svjkXm4U1e0W3r_NTLkiYSgw0,55.704660100000005,13.191007300000001,Lund_00034,Building,Architecture,Property,Landmark,Town,Facade,Human settlement,Neighbourhood,City,House
"34",Lund_00035,"55.7046601,13.1910073",AF1QipNJvXQB6RPZPmaTlW3ZCukEEk_LCmvO5RkTOSa0,55.704660100000005,13.191007300000001,Lund_00035,Statue,Landmark,Monument,Architecture,Building,Sculpture,Art,Campus,National historic landmark,Facade
"35",Lund_00036,"55.7046601,13.1910073",AF1QipN_dRx8Z8f2tVbwlRQfVSY9E04ArKR_zNAYGvog,55.704660100000005,13.191007300000001,Lund_00036,Architecture,Building,Medieval architecture,Landmark,Wall,Church,Place of worship,Sky,Tree,Facade
"36",Lund_00037,"55.7046601,13.1910073",AF1QipMkRBjiBKFf9XRqtogOKCwpSV3gYVYL1NV5r-kk,55.704660100000005,13.191007300000001,Lund_00037,Landmark,Building,Architecture,Medieval architecture,Town,City,Church,Cathedral,Sky,Place of worship
"37",Lund_00038,"55.7046601,13.1910073",AF1QipPDs7hvnssq9Br8bryUaP-ZP4L5lw-kMbITMm-l,55.704660100000005,13.191007300000001,Lund_00038,Spire,Steeple,Landmark,Tower,Architecture,Sky,Building,Church,Tree,Place of worship
"38",Lund_00039,"55.7046601,13.1910073",AF1QipO4kuMssmBByBjaoW8sR5QTMVveWHN5UpXPDK0x,55.704660100000005,13.191007300000001,Lund_00039,Building,Property,House,Architecture,Town,Facade,Home,Medieval architecture,Estate,Almshouse
"39",Lund_00040,"55.7046601,13.1910073",AF1QipOoUPVkcoq89RVyQXcq-wjcFHqTAfyxFWkx830,55.704660100000005,13.191007300000001,Lund_00040,Building,Classical architecture,Landmark,Palace,Estate,Architecture,Property,Mansion,Stately home,Château
"40",Lund_00041,"55.7046601,13.1910073",AF1QipOwjz-fl2zlsHDPXJbcNF7z7CABFFoGEo3LEHig,55.704660100000005,13.191007300000001,Lund_00041,Town,City,Building,Human settlement,Transport,Neighbourhood,Architecture,Downtown,Urban area,Street
"41",Lund_00042,"55.7046601,13.1910073",AF1QipNcjIsgCZciINWghj9E2OG0hWgr44K5_8ULyFnX,55.704660100000005,13.191007300000001,Lund_00042,Walkway,Botanical garden,Natural landscape,Garden,Tree,Botany,Public space,Leaf,Landscape,Path
"42",Lund_00043,"55.7042082,13.1894789",AF1QipN0wEKfWfV3ZFJPWY6udR-3e53A_bHIYtjwcYFA,55.704208200000004,13.189478899999999,,,,,,,,,,,
"44",Lund_00045,"55.7046601,13.1910073",AF1QipO_ykFm8Xh5ngHy8KvUbaQDcGe1AmH6_Jpsm_4D,55.704660100000005,13.191007300000001,Lund_00045,Landmark,Architecture,Building,Sky,Cathedral,Church,Town,Tree,Wall,City
"45",Lund_00046,"55.7046601,13.1910073",AF1QipOgKaXesKIqAcPJ6E8JW2uYKco6egb_exX9NAaP,55.704660100000005,13.191007300000001,Lund_00046,Historic site,Wall,Medieval architecture,Architecture,Building,Fortification,Arch,Sky,Ancient history,Caravanserai
"46",Lund_00047,"55.7046601,13.1910073",AF1QipPzXVNNxUvpNuLX6ANFuXf8SZ0OWxB-yx1xC8vu,55.704660100000005,13.191007300000001,Lund_00047,Natural landscape,Lawn,Grass,Garden,Tree,Public space,Spring,Botany,Botanical garden,Plant
"47",Lund_00048,"55.7046601,13.1910073",AF1QipOiD8qXSTv_Mc3acpKDg1ZoLeWbSbhipN1CwUU,55.704660100000005,13.191007300000001,Lund_00048,Brickwork,Brick,Architecture,Wall,Property,Arch,Building,House,Town,Iron
"48",Lund_00049,"55.7046601,13.1910073",AF1QipPKtnkKUjCpP51AJMb3RhQNkCS4RWiinjCWpbSq,55.704660100000005,13.191007300000001,Lund_00049,Palace,Building,Estate,Landmark,Château,Mansion,Official residence,Architecture,Stately home,Presidential palace
"49",Lund_00050,"55.7046601,13.1910073",AF1QipNe6ldN1nI3HxjVzGIhc1MzXDd64K1yk8N8m4HM,55.704660100000005,13.191007300000001,Lund_00050,Transport,Train station,Rolling stock,Mode of transport,Railway,Public transport,Train,Vehicle,Track,Passenger car
"50",Lund_00051,"55.7046601,13.1910073",AF1QipOOn3aSTFeWaJPgUf6kNOnosOUsMX-LAkocw8lb,55.704660100000005,13.191007300000001,Lund_00051,Property,House,Building,Home,Architecture,Cottage,Town,Facade,Residential area,Real estate
"51",Lund_00052,"55.7046601,13.1910073",AF1QipM09BGVRHRzOuG3y2m3E5wCTIDQ578-2HU6Fadh,55.704660100000005,13.191007300000001,Lund_00052,Landmark,Architecture,Medieval architecture,Building,Church,Cathedral,Gothic architecture,Place of worship,Sky,Spire
"52",Lund_00053,"55.7046601,13.1910073",AF1QipNRm7XPxuNx26A5ySOa1b_J_Gd1jKxNMz7pKBU,55.704660100000005,13.191007300000001,Lund_00053,Landmark,Architecture,Building,Town,Facade,City,Urban area,House,Tree,Sky
"53",Lund_00054,"55.7046601,13.1910073",AF1QipM2FkFU-OJYs_1GJPRsK8Un906PWvggAgDFYTvu,55.704660100000005,13.191007300000001,Lund_00054,Building,Architecture,Landmark,Sky,Church,Tree,Grass,Estate,House,Facade
"54",Lund_00055,"55.7046601,13.1910073",AF1QipP1YU05ivKC2G0HeBnF63uYv7mmtjj6afFIDuU,55.704660100000005,13.191007300000001,Lund_00055,Tree,Woody plant,Leaf,Plant,Trunk,Botany,Grove,Branch,Grass,Woodland
"55",Lund_00056,"55.7046601,13.1910073",AF1QipMm-Ssnuj_7YrWUJVYp6xytp27ypHIaNoiPN6H_,55.704660100000005,13.191007300000001,Lund_00056,Property,House,Home,Residential area,Town,Land lot,Building,Estate,Cottage,Rural area
"56",Lund_00057,"55.7046601,13.1910073",AF1QipOxWDo8LqLppu1CDWEXIJzMUBljC8KLFYVLzoaQ,55.704660100000005,13.191007300000001,Lund_00057,Tree,Grass,Walkway,Spring,Bench,Guard rail,Iron,Leaf,Park,Bridge
"57",Lund_00058,"55.7046601,13.1910073",AF1QipP3ATD0joJVmy7r2GbEz2DgMAqLQO6Kvmkfst0f,55.704660100000005,13.191007300000001,Lund_00058,Grassland,Field,Pasture,Land lot,Grass,Natural environment,Lawn,Plain,Meadow,Natural landscape
"58",Lund_00059,"55.7046601,13.1910073",AF1QipO8rYxK1JgWiKlAZz4wSjCx8vBp7SeouE853io6,55.704660100000005,13.191007300000001,Lund_00059,Property,Landmark,Building,Estate,Statue,Sculpture,Architecture,Mansion,House,Stately home
"59",Lund_00060,"55.7046601,13.1910073",AF1QipMsrUQ9vsZoNv462BgFg2gJL2IqZg2Iix2INJGK,55.704660100000005,13.191007300000001,Lund_00060,Architecture,Building,Medieval architecture,Landmark,Place of worship,Facade,Cathedral,Classical architecture,Church,Gothic architecture
"60",Lund_00061,"55.7046601,13.1910073",AF1QipPN5ldD7HVfcQ1ND_cp6SO0OSa_ITsATzQsF-Y,55.704660100000005,13.191007300000001,Lund_00061,Landmark,Building,Town,Tree,Sky,Architecture,Water,Waterway,City,House
"61",Lund_00062,"55.7046601,13.1910073",AF1QipNnqDJJL1FGlp3-zxRo15WAREpXgg7l9z6Yt0cv,55.704660100000005,13.191007300000001,Lund_00062,Estate,Building,Mansion,Property,Palace,Stately home,Architecture,House,Sky,Official residence
"62",Lund_00063,"55.7041947,13.1896114",AF1QipNioI9mBRGiVV8_S7f_Ut6k9p-0xp2WWtzVi7A8,55.704194700000002,13.189611400000000,,,,,,,,,,,
"63",Lund_00064,"55.7036381,13.1937272",AF1QipNn_jlons1x3dsxCe5TzRGq-rBCArIZ1pu1-wrv,55.703638100000006,13.193727200000000,,,,,,,,,,,
"64",Lund_00065,"55.7046601,13.1910073",AF1QipM00cQq82nn2ZAsRSVRipqdewc_AskohbvpMpS4,55.704660100000005,13.191007300000001,Lund_00065,Water,Landmark,Architecture,Tree,Fountain,Botany,Water feature,Garden,Plant,Tourism
"65",Lund_00066,"55.7046601,13.1910073",AF1QipMyj5jPC7_U506Tcj8z0aY48G9Y6BmPMfGhaeM,55.704660100000005,13.191007300000001,Lund_00066,Landmark,Building,Town,Architecture,Grass,Property,Tree,Urban area,Brick,Neighbourhood
"66",Lund_00067,"55.7046601,13.1910073",AF1QipNOkd0b3TPBzALticin6P16yI1HkTst22G6qGWl,55.704660100000005,13.191007300000001,Lund_00067,Property,Building,Architecture,House,Facade,,,,,
"67",Lund_00068,"55.7046601,13.1910073",AF1QipOuJyRI02nIes6vto7UZy4qRJGQkkRvJ4Gjn-t-,55.704660100000005,13.191007300000001,Lund_00068,Water transportation,Marina,Boat,Vehicle,Waterway,Dock,Boating,Watercraft,Harbor,Nonbuilding structure
"68",Lund_00069,"55.7046601,13.1910073",AF1QipN70L4rrPxirtZZX-oqvmdjiwAWEJYdLQjP9gZh,55.704660100000005,13.191007300000001,Lund_00069,Tree,Architecture,Grass,Spring,Building,Garden,Botany,Lawn,Plant,House
"69",Lund_00070,"55.7046601,13.1910073",AF1QipNIY1dOMGoCZCwiwAzIL46SbNcEu1hgAY4RTe1a,55.704660100000005,13.191007300000001,Lund_00070,Building,Landmark,Architecture,Medieval architecture,Town,Church,Facade,City,Historic site,Place of worship
"70",Lund_00071,"55.7046601,13.1910073",AF1QipMUvxVHwMlkk-qj0KvC8qA2NGdubxPhxXV5Gp4,55.704660100000005,13.191007300000001,Lund_00071,Architecture,Building,Medieval architecture,Wall,Place of worship,Classical architecture,Gothic architecture,Arch,Cathedral,Facade
"71",Lund_00072,"55.7046601,13.1910073",AF1QipMgVjxCEUjRSVKBeQlYnYRzQYcbdGEOiRdvSPvE,55.704660100000005,13.191007300000001,Lund_00072,Landmark,Architecture,Building,Tower,Medieval architecture,Facade,City,Cathedral,Classical architecture,Sky
"72",Lund_00073,"55.7046601,13.1910073",AF1QipPG8nBddpLjx1sXHiJOMjHpNpgnTuzi1kr4PJvR,55.704660100000005,13.191007300000001,Lund_00073,Landmark,Architecture,Building,Medieval architecture,Tower,Tree,Château,Estate,Historic site,Castle
"73",Lund_00074,"55.7046601,13.1910073",AF1QipNiW7aiNMu2xNzkrpqEEYnhuDG7n3xXW_A-rwMc,55.704660100000005,13.191007300000001,Lund_00074,Landmark,Architecture,Building,Tree,Church,Tower,Steeple,Spire,Sky,Grass
"74",Lund_00075,"55.7046601,13.1910073",AF1QipOmOb-FgWY_JvidLVzgDQxavp-yt-pVrxjICjkJ,55.704660100000005,13.191007300000001,Lund_00075,Property,Town,Building,Neighbourhood,Thoroughfare,Street,House,Road,City,
"75",Lund_00076,"55.7046601,13.1910073",AF1QipPFtYzthy8blHCljciSZnFzTHCmiBaZIp2jsdNb,55.704660100000005,13.191007300000001,Lund_00076,Building,Filling station,Asphalt,Tree,Architecture,Road,Street,House,Residential area,Gas
"76",Lund_00077,"55.7046601,13.1910073",AF1QipOIjGFU5EtPDB_tgqqJ2Et2By1o_lf7dz3VeFDG,55.704660100000005,13.191007300000001,Lund_00077,Medieval architecture,Landmark,Building,Architecture,Historic site,Statue,Brick,Place of worship,Church,Monument
"77",Lund_00078,"55.7046601,13.1910073",AF1QipMEk7Tw0zMeC9vggRMfq-1Ghv4XgCNtjkCWSoCL,55.704660100000005,13.191007300000001,Lund_00078,Property,House,Building,Architecture,Estate,Tree,Sky,Mansion,Home,Facade
"78",Lund_00079,"55.7046601,13.1910073",AF1QipPsVH1OoR82ofy85VUWSAgrFnDZlRQqBfCSqeZq,55.704660100000005,13.191007300000001,Lund_00079,Building,Landmark,Architecture,Estate,Stately home,College,Sky,City,Campus,Tree
"79",Lund_00080,"55.7046601,13.1910073",AF1QipPCMsCvdAFERPB2u_2zbrXsT1QiN2aHEvZ8Tpfz,55.704660100000005,13.191007300000001,Lund_00080,Aerial photography,Bird's-eye view,Residential area,Urban area,Suburb,Metropolitan area,Urban design,City,Human settlement,Neighbourhood
"80",Lund_00081,"55.7046601,13.1910073",AF1QipMINXSF7SuxUkyckRLnzvUipKxD8m-FIto2Zt4,55.704660100000005,13.191007300000001,Lund_00081,Town,Street,Neighbourhood,Cobblestone,Human settlement,Yellow,City,Building,Road,Urban area
"81",Lund_00082,"55.7046601,13.1910073",AF1QipM5QuGLtphYhtqpl0Jq6auAdbHbDvLVYHWhozK1,55.704660100000005,13.191007300000001,Lund_00082,Residential area,Building,Neighbourhood,Property,Apartment,Town,Architecture,Sky,Human settlement,House
"82",Lund_00083,"55.7043462,13.1896452",AF1QipMx8c8u_GAgx4AhRJ0P11L3R20SgIThFyVrTs75,55.704346200000003,13.189645199999999,,,,,,,,,,,
"84",Lund_00085,"55.7046601,13.1910073",AF1QipMVEAZ0DOfXvN5dhw57Wz-GPNi1Dn-jmCeye2Rn,55.704660100000005,13.191007300000001,Lund_00085,Water,Landmark,Sky,Architecture,Grass,Tree,Public space,Building,Estate,Fountain
"85",Lund_00086,"55.7046601,13.1910073",AF1QipN63g37eqU_GCrXTtcnCHy_PR1R9RQxNvZyHE76,55.704660100000005,13.191007300000001,Lund_00086,Classical architecture,Architecture,Landmark,Column,Building,Facade,Ancient roman architecture,Arch,Material property,Stock photography
"86",Lund_00087,"55.7046601,13.1910073",AF1QipOPs3plVIC5TaGMrDWTPq4gQksP33eq5VxdfXIF,55.704660100000005,13.191007300000001,Lund_00087,Marina,Boat,Vehicle,Water transportation,Harbor,Watercraft,Dock,Port,Waterway,Mast
"87",Lund_00088,"55.7046601,13.1910073",AF1QipOFNVhIFnsEkfVxfcpp5ciymTYwsYUOLuzc59RJ,55.704660100000005,13.191007300000001,Lund_00088,Building,Property,Architecture,Facade,Vehicle,Neighbourhood,House,Bicycle,Arch,Urban design
"88",Lund_00089,"55.7046601,13.1910073",AF1QipMPM7ZKwmY1zXIbEWx_TSoZpYGTWNqpYMybDHtE,55.704660100000005,13.191007300000001,Lund_00089,Tree,Woody plant,Sky,Plant,Spring,Grass,Leaf,Daytime,Botany,Flower
"89",Lund_00090,"55.7046601,13.1910073",AF1QipNCOzf82XnNEF5mLsJL5qEBpugdI58eFHXVXSTy,55.704660100000005,13.191007300000001,Lund_00090,Vegetation,Nature reserve,Tree,Nature,Green,Natural environment,Trail,Natural landscape,Forest,Jungle
"90",Lund_00091,"55.7046601,13.1910073",AF1QipPsb82iYyJoRSFCWZpFGfKPxY4NP8QcGoBdkXc,55.704660100000005,13.191007300000001,Lund_00091,Building,Town,Architecture,City,Town square,Human settlement,Public space,Plaza,Facade,Tree
"91",Lund_00092,"55.7046601,13.1910073",AF1QipOrmtdwpCxMTbhBCC6A8H02bcvZJrxl0is5Gjzr,55.704660100000005,13.191007300000001,Lund_00092,Building,Town,Electronic signage,Restaurant,Signage,Architecture,City,Facade,Mixed-use,Downtown
"92",Lund_00093,"55.7046601,13.1910073",AF1QipPNl2shW_w2ttXmS3sXUyNjswp17hSA55ZKJtyB,55.704660100000005,13.191007300000001,Lund_00093,Road,Dirt road,Mode of transport,Vehicle,Infrastructure,Off-roading,Ecoregion,Thoroughfare,Car,Sand
"93",Lund_00094,"55.7046601,13.1910073",AF1QipPokVroqOLZXld1214e_NdkqmAvN3uN4r9q7h0,55.704660100000005,13.191007300000001,Lund_00094,Spire,Landmark,Architecture,Building,Steeple,Church,Place of worship,Medieval architecture,Cathedral,Brick
"94",Lund_00095,"55.7046601,13.1910073",AF1QipOW4Sls2XbggqMQgNEa-CeicYtkh1B1AEyQmE35,55.704660100000005,13.191007300000001,Lund_00095,Landmark,Architecture,Building,Daytime,City,Sky,Tower,Urban area,Tree,Facade
"95",Lund_00096,"55.7046601,13.1910073",AF1QipOD94JOpvH4AFKl1aHlJccxR_nbYlNsQL0i_zPE,55.704660100000005,13.191007300000001,Lund_00096,Building,Medieval architecture,Town,Architecture,Church,Brick,Facade,Almshouse,Historic site,Photography
"96",Lund_00097,"55.7046601,13.1910073",AF1QipMILuYClGpWa3OU4H2sO5foVvxgZDl5JiBEcUg,55.704660100000005,13.191007300000001,Lund_00097,Neighbourhood,Property,Town,Guard rail,Building,Public space,Tree,Architecture,Walkway,Fence
"97",Lund_00098,"55.7046601,13.1910073",AF1QipNM4oIwWvntf5YRdsF1P4w-tm_nRMI9kdVnN4sQ,55.704660100000005,13.191007300000001,Lund_00098,Medieval architecture,Landmark,Architecture,Building,Gothic architecture,Place of worship,Cathedral,Classical architecture,Spire,Steeple
"98",Lund_00099,"55.7046601,13.1910073",AF1QipMemhHcEqzrEynRWhWAoLBO7UYYPYZPJlaM3KHb,55.704660100000005,13.191007300000001,Lund_00099,House,Property,Architecture,Building,Landmark,Estate,Mansion,Home,Tree,Sky
"99",Lund_00100,"55.7046601,13.1910073",AF1QipMu34oKFOS-MnmR1rzBhUFrUuzqhZCEuNSfz8-Y,55.704660100000005,13.191007300000001,Lund_00100,Aerial photography,Metropolitan area,Bird's-eye view,Urban area,Residential area,Suburb,City,Urban design,Metropolis,Neighbourhood
"100",Lund_00101,"55.7046601,13.1910073",AF1QipNTdkbkV9yq0wLQhCDt2CB2UAhNBehzboqNaZHp,55.704660100000005,13.191007300000001,Lund_00101,Town,Neighbourhood,Building,Street,Property,Architecture,Human settlement,City,House,Mixed-use
"101",Lund_00102,"55.7046601,13.1910073",AF1QipOZmwHxNgGdUQnDWDVjitOZqOpHiezSht4HsKeg,55.704660100000005,13.191007300000001,Lund_00102,Grassland,Land lot,Grass,Natural environment,Meadow,Pasture,Natural landscape,Road,Tree,Plain
"102",Lund_00103,"55.7042276,13.189512",AF1QipMPDq5MagvU8qRQneVNjHCJeppVo5YLo0grh3P3,55.704227600000010,13.189511999999999,,,,,,,,,,,
"104",Lund_00105,"55.7046601,13.1910073",AF1QipNa-buJAMrjwali5yqThPr14Il7ok7rAvOs4tEF,55.704660100000005,13.191007300000001,Lund_00105,Sky,Landmark,Natural landscape,Grass,Tree,Park,Cloud,Architecture,Botany,Church
"105",Lund_00106,"55.7046601,13.1910073",AF1QipM1M7QmiaS6M_XXrvFxQ9t1YqHkx7VW52iTAhsP,55.704660100000005,13.191007300000001,Lund_00106,Transport,Line,Architecture,Wall,Residential area,Building,Facade,Track,House,Window
"106",Lund_00107,"55.7046601,13.1910073",AF1QipMVZeRvNjWtWVVWZaDptwYMHPNc_LT2Vxto-wxv,55.704660100000005,13.191007300000001,Lund_00107,Body of water,Shore,Water resources,Rock,Water,Coast,Bank,Waterway,Sea,Coastal and oceanic landforms
"107",Lund_00108,"55.7046601,13.1910073",AF1QipN9GJESni8aS-OJ3KPbyFWIYZPTTpJAeRHSD9ZD,55.704660100000005,13.191007300000001,Lund_00108,Landmark,Place of worship,Architecture,Spire,Church,Building,Parish,Sky,Chapel,Steeple
"108",Lund_00109,"55.7046601,13.1910073",AF1QipNHYxAjYoH8FMafMNh8PyH7xs4czhb_RdxYHIow,55.704660100000005,13.191007300000001,Lund_00109,Picket fence,Property,House,Fence,Home,Building,Architecture,Tree,Cottage,Home fencing
"109",Lund_00110,"55.7046601,13.1910073",AF1QipM9q8V75gp11qCO4DuwmyYArjUkvj7dXom7uM4,55.704660100000005,13.191007300000001,Lund_00110,Sky,Transport,Town,Public space,Mode of transport,Urban area,Architecture,Tree,Iron,Asphalt
"110",Lund_00111,"55.7046601,13.1910073",AF1QipMwa71Q2RQy-LRDqmaTnEIU8R9y3KG_hJ3Jppk,55.704660100000005,13.191007300000001,Lund_00111,Building,Architecture,Town,Landmark,City,Property,Human settlement,Mixed-use,Urban area,Tree
"111",Lund_00112,"55.7046601,13.1910073",AF1QipM4elcl_7eWEQ6KPg498Uq54fp0KC0lNHY_V2-7,55.704660100000005,13.191007300000001,Lund_00112,Building,Property,House,Architecture,Home,Real estate,Tree,Facade,Window,Historic house
"112",Lund_00113,"55.7046601,13.1910073",AF1QipMRB3fcc8PxRB6kqNCrkUOMr2oiwCSytHhg3RnL,55.704660100000005,13.191007300000001,Lund_00113,Vehicle,Town,Car,Urban area,Transport,Street,Landmark,Mode of transport,Architecture,Neighbourhood
"113",Lund_00114,"55.7046601,13.1910073",AF1QipM4Vxqob_JY1r65oiQDqIEa8TZL6biiISu-fQOH,55.704660100000005,13.191007300000001,Lund_00114,Tree,Spring,Flower,Plant,Blossom,Woody plant,Grass,Cherry blossom,Branch,Shrub
"114",Lund_00115,"55.7046601,13.1910073",AF1QipNjZ7GmomMzG6vgzPorT_GMdacFbQJpv8RoVX0G,55.704660100000005,13.191007300000001,Lund_00115,Landmark,Tower,Steeple,Building,Spire,Architecture,Church,Place of worship,Medieval architecture,National historic landmark
"115",Lund_00116,"55.7046601,13.1910073",AF1QipPGgtH8rHt7-xvmIef-LaBw0HyTjkU43TX6lDxA,55.704660100000005,13.191007300000001,Lund_00116,Building,Facade,Architecture,Roof,House,,,,,
"116",Lund_00117,"55.7046601,13.1910073",AF1QipOhtmZEg0VwEgCQOPBn8PRWZZEA2iJHh6LXkKME,55.704660100000005,13.191007300000001,Lund_00117,Building,Medieval architecture,Architecture,Landmark,Church,Town,Wall,Place of worship,Chapel,Sky
"117",Lund_00118,"55.7046601,13.1910073",AF1QipPhXb-S8xT6OelM5aoKWV29vXJkUL-j-nLFHf4D,55.704660100000005,13.191007300000001,Lund_00118,Natural landscape,Tree,Table,Furniture,Bench,Estate,Grass,Grove,Architecture,Building
"118",Lund_00119,"55.7046601,13.1910073",AF1QipN6lx1LGEyQEW8Zv7Afzgy6A518yIq1GlSiF6wr,55.704660100000005,13.191007300000001,Lund_00119,Bicycle,Tree,Vehicle,Architecture,Autumn,Spring,Cycling,Road bicycle,Plant,Cyclo-cross bicycle
"119",Lund_00120,"55.7046601,13.1910073",AF1QipMeXgVBxifbuZ7makTHFYybcYgdM7_rDrX1hNvy,55.704660100000005,13.191007300000001,Lund_00120,Sky,Spire,Landmark,Architecture,Church,Building,Place of worship,Parish,Steeple,Cathedral
"120",Lund_00121,"55.7046601,13.1910073",AF1QipNAGbnkU2sco4BD8lN_pKL8chpVskhL4GZY2jnQ,55.704660100000005,13.191007300000001,Lund_00121,Spire,Steeple,Church,Tree,Building,Architecture,Place of worship,Leaf,Sky,Tower
"121",Lund_00122,"55.704251,13.1895416",AF1QipNAFlZkoEl-tO9R4Fa1WHSCEUKvM8nK_ABV2l1F,55.704250999999999,13.189541600000000,,,,,,,,,,,
"123",Lund_00124,"55.7046601,13.1910073",AF1QipPez9S3tqYjyREFfLFjo0uJIdqLojaZ5ZqJ9mb6,55.704660100000005,13.191007300000001,Lund_00124,Town,City,Building,Human settlement,Pedestrian,Street,Plaza,Neighbourhood,Public space,Architecture
"124",Lund_00125,"55.7046601,13.1910073",AF1QipOxrYHGsKvOhXXxeUmj14WJfQLx60_A4dpKw4p4,55.704660100000005,13.191007300000001,Lund_00125,Sky,Landmark,Cloud,Architecture,Tree,Building,House,Estate,Palace,Grass
"125",Lund_00126,"55.7046601,13.1910073",AF1QipNm1KdX9vtjhAtn45Eb1abSdxcrsrU4eFmp3c0c,55.704660100000005,13.191007300000001,Lund_00126,Landmark,Building,Architecture,Property,Stately home,Classical architecture,Château,Estate,Facade,Mansion
"126",Lund_00127,"55.7046601,13.1910073",AF1QipOkWzsB2ZT8l8BVisxMGs-HwBlBY8CPHfmUXBk,55.704660100000005,13.191007300000001,Lund_00127,Water,Water feature,Fountain,Font,Architecture,Courtyard,Estate,Building,,
"127",Lund_00128,"55.7046601,13.1910073",AF1QipOSeCJz5D3emNKb6ioXAsHVpAVtxM7OGGQh2IxG,55.704660100000005,13.191007300000001,Lund_00128,Architecture,Town,Building,Landmark,Brick,Facade,Wall,Tourism,City,Sky
"128",Lund_00129,"55.7046601,13.1910073",AF1QipMkHoHVnRq-NuEuhiakBhBT0NvajmmJuPK_BfY3,55.704660100000005,13.191007300000001,Lund_00129,Sky,Landmark,Building,Town,Architecture,Tree,Human settlement,City,House,Cloud
"129",Lund_00130,"55.7046601,13.1910073",AF1QipPu2HVcxieAmPNc7k55NpYjRiivt6rdngdyCaB2,55.704660100000005,13.191007300000001,Lund_00130,Tree,Nature,Natural landscape,Water,Vegetation,Atmospheric phenomenon,Bank,Plant,Woody plant,Shore
"130",Lund_00131,"55.7046601,13.1910073",AF1QipO83Rz9cGCg_p8za-d93RgLWe57RCJB4cBsuXSD,55.704660100000005,13.191007300000001,Lund_00131,Architecture,Building,Landmark,Town,Church,City,Facade,Medieval architecture,Cathedral,Tree
"131",Lund_00132,"55.7046601,13.1910073",AF1QipP76TIOf0AwFKPFfn7DzEgb3ZZtNJ8eT0QGlm9s,55.704660100000005,13.191007300000001,Lund_00132,Tree,Yellow,Leaf,Lane,Grass,Road surface,Road,Spring,Woody plant,Walkway
"132",Lund_00133,"55.7046601,13.1910073",AF1QipNevekBzLjAG2G2JNVqSZ_jfODmOX-aAavY2A7y,55.704660100000005,13.191007300000001,Lund_00133,Aerial photography,Residential area,Suburb,Urban area,Bird's-eye view,Metropolitan area,City,Neighbourhood,Human settlement,Town
"133",Lund_00134,"55.7046601,13.1910073",AF1QipPzX68xvH3EbYqD0VoSKkG4k1eO9tz8yoKOzLlf,55.704660100000005,13.191007300000001,Lund_00134,Holy places,Byzantine architecture,Architecture,Basilica,Place of worship,Building,Landmark,Church,Chapel,Medieval architecture
"134",Lund_00135,"55.7046601,13.1910073",AF1QipPswedsIhtals_vHLdBY-K9SdPtkzzL_oSD3VcW,55.704660100000005,13.191007300000001,Lund_00135,Property,House,Cottage,Home,Building,Real estate,Farmhouse,Roof,Estate,Tree
"135",Lund_00136,"55.7046601,13.1910073",AF1QipOwgyLJ7QkdJTqGiMPCii8aNMi9I7eU-2xe9bw,55.704660100000005,13.191007300000001,Lund_00136,Spire,Steeple,Landmark,Church,Architecture,Building,Place of worship,Tree,Medieval architecture,Parish
"136",Lund_00137,"55.7046601,13.1910073",AF1QipNiKVLDj9aUCjuciPUu7o1kKYt-Brh3-vRG18O2,55.704660100000005,13.191007300000001,Lund_00137,Aerial photography,Bird's-eye view,Metropolitan area,Urban area,Residential area,Suburb,Neighbourhood,City,Urban design,Human settlement
"137",Lund_00138,"55.7046601,13.1910073",AF1QipM85T3_sJC6Ca6ls-JL2NSI-iPm6hG2Xifs9hZz,55.704660100000005,13.191007300000001,Lund_00138,Town,Neighbourhood,Building,Street,Human settlement,City,Pedestrian,Downtown,Urban area,Architecture
"138",Lund_00139,"55.7046601,13.1910073",AF1QipO9R2-ngX_V2rMYCdQDPEMTHzAy2r3deT4z-T0,55.704660100000005,13.191007300000001,Lund_00139,Statue,Sculpture,Public space,Tree,Town,Monument,City,Urban area,Architecture,Art
"139",Lund_00140,"55.7046601,13.1910073",AF1QipOCWgrVwL9XUJRmauUo5AwkVVwPGYPd1lovt8ea,55.704660100000005,13.191007300000001,Lund_00140,Sky,Town,Building,Architecture,Landmark,Church,Medieval architecture,Tree,Place of worship,City
"140",Lund_00141,"55.7046601,13.1910073",AF1QipNFksIV2BtLywNy4ZxJkVkp5likhN3CKpFOppM4,55.704660100000005,13.191007300000001,Lund_00141,Sky,Landmark,Building,Architecture,Estate,Mansion,Palace,Stately home,House,Tree
"141",Lund_00142,"55.7041936,13.1895045",AF1QipN_RTHzf9jqk2iULxuIahXU-4Di7KreKOro2l3j,55.704193599999996,13.189504500000002,,,,,,,,,,,
"143",Lund_00144,"55.7046601,13.1910073",AF1QipO_z4QcfcmjKsuf-ewSX5-yvmLUI3Yu0TXLSCB7,55.704660100000005,13.191007300000001,Lund_00144,Town,Pedestrian,Building,City,Human settlement,Street,Neighbourhood,Architecture,Downtown,Tourism
"144",Lund_00145,"55.7046601,13.1910073",AF1QipNq1LmmpkDyRQfSe_SN3Z72ZfYRVRcDFbgGt1za,55.704660100000005,13.191007300000001,Lund_00145,Property,Building,Architecture,Neighbourhood,House,Town,Urban area,Metropolitan area,Home,Real estate
"145",Lund_00146,"55.7046601,13.1910073",AF1QipOhvLiTme-LoM-KF9jyGM-QETR5526JONo4Of2v,55.704660100000005,13.191007300000001,Lund_00146,Landmark,Architecture,Building,Medieval architecture,Church,Place of worship,Facade,Steeple,Cathedral,Spire
"146",Lund_00147,"55.7046601,13.1910073",AF1QipMNPymkHvpBwHXqMXa9HX1bz_GgNTmqPHqDaXHI,55.704660100000005,13.191007300000001,Lund_00147,Landmark,Building,Medieval architecture,Architecture,Tower,Turret,Historic site,Sky,Observation tower,Tree
"147",Lund_00148,"55.7046601,13.1910073",AF1QipNUXsZt-2hcS-v_DYERws5GF9kdgPcrImNAtiLz,55.704660100000005,13.191007300000001,Lund_00148,Landmark,Sky,Architecture,Building,Town,Church,Cathedral,City,Urban area,Tree
"148",Lund_00149,"55.7046601,13.1910073",AF1QipOAYv8iGplcA_OQ6AAeg4CiIfR1tKk56DA0RsLw,55.704660100000005,13.191007300000001,Lund_00149,Town,Building,Tourism,Architecture,City,Vacation,House,Leisure,Town square,Plaza
"149",Lund_00150,"55.7046601,13.1910073",AF1QipN2gojG2GFzs_ZcTAtaCW76FmxpDFjIJ-bR8x4R,55.704660100000005,13.191007300000001,Lund_00150,Building,Property,Town,Facade,Neighbourhood,Architecture,Snow,Window,Real estate,House
"150",Lund_00151,"55.7046601,13.1910073",AF1QipN-4Cs29Jx3uk1C86_5xzZuelxEUmR2Q8rH1wzG,55.704660100000005,13.191007300000001,Lund_00151,City,Town,Town square,Tree,Plaza,Public space,Human settlement,Building,Mixed-use,Street
"151",Lund_00152,"55.7046601,13.1910073",AF1QipPRksGKphHKbHAxG-FE3ttq-2Wj8BXWVGHEOHb8,55.704660100000005,13.191007300000001,Lund_00152,Public space,Building,Human settlement,Architecture,City,College,Campus,Tree,Walking,Tourism
"152",Lund_00153,"55.7046601,13.1910073",AF1QipPDtRFpIHUbf5v3k07J_iZM9NhIpJDl1UOFshR7,55.704660100000005,13.191007300000001,Lund_00153,Property,House,Home,Residential area,Building,Real estate,Neighbourhood,Architecture,Estate,Roof
"153",Lund_00154,"55.7046601,13.1910073",AF1QipObyUPI2mp8PfepqE4E7VpqYz8zLA7y-fDz_Gkj,55.704660100000005,13.191007300000001,Lund_00154,Marina,Waterway,Dock,Harbor,Port,Sky,Architecture,Infrastructure,City,Vehicle
"154",Lund_00155,"55.7046601,13.1910073",AF1QipN_g8S23V0BTA7CPZiD9Iy9RgAOq5JBOvh5hG73,55.704660100000005,13.191007300000001,Lund_00155,Town,Property,Landmark,Building,Sky,House,Architecture,Residential area,Home,Tree
"155",Lund_00156,"55.7046601,13.1910073",AF1QipPEtKsG6yMko4aAqG8ZepKUcLZMBJwmSjQCjjF4,55.704660100000005,13.191007300000001,Lund_00156,Water,Town,Sky,City,Landmark,Reflection,Waterway,Human settlement,Evening,Public space
"156",Lund_00157,"55.7046601,13.1910073",AF1QipNIAOAnkEnbE1FFih5DG7ruVO2Rk0FOYF33UYSb,55.704660100000005,13.191007300000001,Lund_00157,Natural landscape,Tree,Grass,Natural environment,Sky,Land lot,Spring,Road,Woody plant,Leaf
"157",Lund_00158,"55.7046601,13.1910073",AF1QipPy-Oow6Gl8Vt1mdMJaAHXKRZb6UZlSRmq8E8E,55.704660100000005,13.191007300000001,Lund_00158,Town,Building,Property,Street,Lane,Road,Architecture,House,Urban area,Neighbourhood
"158",Lund_00159,"55.7046601,13.1910073",AF1QipMZ7MBN4ZlaTpDyQC2bmesRU40zxBFW6hWMRnCP,55.704660100000005,13.191007300000001,Lund_00159,Town,Architecture,Building,Street light,Lighting,Tree,Light fixture,City,Street,Facade
"159",Lund_00160,"55.7046601,13.1910073",AF1QipO9BoZiuxOz5wf1Nr7p8kb658nRY0zkNDMOVTyI,55.704660100000005,13.191007300000001,Lund_00160,Medieval architecture,Building,Landmark,Architecture,Town,Wall,Steeple,Church,Cathedral,Facade
"160",Lund_00161,"55.7046601,13.1910073",AF1QipPi-Ho3JPmtpCUuSgVvM3kxls6ZOW59yjCg2Wx5,55.704660100000005,13.191007300000001,Lund_00161,Tree,Sky,Botany,Lawn,Garden,Architecture,Grass,Leaf,Woody plant,Park
"161",Lund_00162,"55.7042905,13.1896038",AF1QipPwt5PGKj4FCEoucxcR0dv_0-Zk_ls8chCB4yQM,55.704290500000006,13.189603800000000,,,,,,,,,,,
"162",Lund_00163,"55.7035869,13.1937551",AF1QipMU-Ziqq3Qk3ZJDVhj8HsmQbp3gqjzLwI6JCZIg,55.703586899999998,13.193755100000001,,,,,,,,,,,
"163",Lund_00164,"55.7046601,13.1910073",AF1QipMeRYpKoMYVO7FeL0UA3w56mfctUcx1O2SDNRiO,55.704660100000005,13.191007300000001,Lund_00164,Shore,Coast,Property,Sea,Land lot,Sky,House,Coastal and oceanic landforms,Beach,Cottage
"164",Lund_00165,"55.7046601,13.1910073",AF1QipOt9GUV6CygcT25evRh5wL5rrhovyVqYx0lt8ZP,55.704660100000005,13.191007300000001,Lund_00165,Architecture,Landmark,Building,Sky,Tourism,Steeple,Church,City,Place of worship,Spire
"165",Lund_00166,"55.7046601,13.1910073",AF1QipOIjJkSwgcBoJ3NdxWBRuja9CFbeOCfoEw8oS0,55.704660100000005,13.191007300000001,Lund_00166,Street,Alley,Road,Neighbourhood,Town,Lane,Urban area,Infrastructure,Human settlement,Building
"166",Lund_00167,"55.7046601,13.1910073",AF1QipMHLqH9UECVNS6ioCTozPFtTuZ4BUuBxcpk6n0,55.704660100000005,13.191007300000001,Lund_00167,Landmark,Building,Architecture,Tree,Estate,College,Medieval architecture,Church,Stately home,Sky
"167",Lund_00168,"55.7046601,13.1910073",AF1QipMd_QGDBD1bGH4xEJeDBzpwzPQWaxTqYGVRA4PA,55.704660100000005,13.191007300000001,Lund_00168,Tree,Woody plant,Plant,Car,Vehicle,Residential area,Architecture,Building,Grass,House
"168",Lund_00169,"55.7046601,13.1910073",AF1QipNgHHsDhgEgjVSQecwf4Mss1zqW6kXxm1HVKwAp,55.704660100000005,13.191007300000001,Lund_00169,Town,Building,Architecture,Tourism,Medieval architecture,Historic site,Travel,Cobblestone,Street,Abbey
"169",Lund_00170,"55.7046601,13.1910073",AF1QipNooebKb64ux8jYatbuCu4dMuaMgQwDLxLgOpDW,55.704660100000005,13.191007300000001,Lund_00170,Road,Asphalt,Lane,Tree,Green,Road surface,Thoroughfare,Natural landscape,Infrastructure,Grass
"170",Lund_00171,"55.7046601,13.1910073",AF1QipMjPPJ0xdmNewo8eB2h-GQncrSJ76mkEWxAfUsb,55.704660100000005,13.191007300000001,Lund_00171,Public space,Town,Tourism,Travel,Building,City,Architecture,Town square,Vacation,Plaza
"171",Lund_00172,"55.7046601,13.1910073",AF1QipPz7wxrblr7lIsvxBqVBdaF0yK2Wty3We_88cW2,55.704660100000005,13.191007300000001,Lund_00172,Landmark,Architecture,Building,Tower,Church,Tree,Steeple,Sky,Place of worship,Winter
"172",Lund_00173,"55.7046601,13.1910073",AF1QipN995YsGzhyT0Ua3PnqxNlE6_L7pLM1dKFJcg8,55.704660100000005,13.191007300000001,Lund_00173,Tree,Property,House,Town,Neighbourhood,Building,Urban area,Brick,Residential area,Architecture
"173",Lund_00174,"55.7046601,13.1910073",AF1QipOmLd8o3XObXC0nLQWZtG2juTVqHmVHX1Hpocp3,55.704660100000005,13.191007300000001,Lund_00174,Building,Architecture,Landmark,Tower,Sky,Church,Steeple,City,Place of worship,Cathedral
"174",Lund_00175,"55.7046601,13.1910073",AF1QipPBqh4FmBuecIG6FbizQ3sXXhHU9UwpxQ9lc8eQ,55.704660100000005,13.191007300000001,Lund_00175,Building,Architecture,Landmark,Property,Tree,House,Mansion,Church,Estate,Stately home
"175",Lund_00176,"55.7046601,13.1910073",AF1QipN-VZtv-7R_qppKSxo7JemKqAkHrrQpjHYn2DS0,55.704660100000005,13.191007300000001,Lund_00176,Sky,Property,Town,Road,Estate,Cloud,Residential area,Tree,Building,Thoroughfare
"176",Lund_00177,"55.7046601,13.1910073",AF1QipPm4hqqTMKpoKOdaZ3CNWfTgDzbRDNdl_C4vO4,55.704660100000005,13.191007300000001,Lund_00177,Spire,Steeple,Tree,Sky,Church,Woody plant,Architecture,Tower,Plant,Building
"177",Lund_00178,"55.7046601,13.1910073",AF1QipNXgppIxq81MoyUgqaTTyxglJZ1kCuHokFh3FpL,55.704660100000005,13.191007300000001,Lund_00178,Aerial photography,Metropolitan area,Urban area,Bird's-eye view,Cityscape,City,Residential area,Suburb,Sky,Human settlement
"178",Lund_00179,"55.7046601,13.1910073",AF1QipPGyBoeDc0KWUev2bQUhpST4S0lzG9uwKSIVg6v,55.704660100000005,13.191007300000001,Lund_00179,Landmark,Building,Architecture,Clock tower,Medieval architecture,Facade,Classical architecture,Arch,Listed building,House
"179",Lund_00180,"55.7046601,13.1910073",AF1QipPLshhNPYvBYdRPIlIaI1foyLQmARRZr9eYjj4z,55.704660100000005,13.191007300000001,Lund_00180,Town,City,Human settlement,Public space,Transport,Downtown,Urban area,Architecture,Building,Street
"180",Lund_00181,"55.7046601,13.1910073",AF1QipNZJQweWG2ecbXJUdcrTNp4s_SqQa9OQ78wpv_W,55.704660100000005,13.191007300000001,Lund_00181,Sky,Architecture,Tourism,Building,Estate,Mansion,Tree,House,Château,Palace
"181",Lund_00182,"55.7043153,13.1897522",AF1QipNN6bhTY7epYzx8RIBCmOTe8sFbphCOeGlOE2ng,55.704315299999990,13.189752199999999,,,,,,,,,,,
"182",Lund_00183,"55.7035457,13.1937621",AF1QipMDcfNKYHzmwiS6ITKbxTju_bszpIsUMNIjbVcz,55.703545700000006,13.193762099999999,,,,,,,,,,,
"183",Lund_00184,"55.7046601,13.1910073",AF1QipOlid1FiQwia7GGIIbH6D2Ru1XRxYSL_ICJn5Ub,55.704660100000005,13.191007300000001,Lund_00184,Sky,Landmark,Architecture,Building,Estate,Tree,Cloud,Grass,Fountain,City
"184",Lund_00185,"55.7046601,13.1910073",AF1QipMATPVO3dy2701Cd3XsMvidS-EuSPfmxBprkm1E,55.704660100000005,13.191007300000001,Lund_00185,Town,Building,Human settlement,Public space,Property,City,Architecture,Pedestrian,Campus,College
"185",Lund_00186,"55.7046601,13.1910073",AF1QipO3-_eDCv7RziKL95K9t2GCS3btxVVATM-25aU_,55.704660100000005,13.191007300000001,Lund_00186,Snow,Tree,Winter,Grass,Water,Spring,House,Plant,Branch,Freezing
"186",Lund_00187,"55.7046601,13.1910073",AF1QipO4p5_fGuGvkmQ-wzYW46lw5f_0fm2YO9YQpHp4,55.704660100000005,13.191007300000001,Lund_00187,Building,Landmark,Architecture,Sky,Property,Town,Urban area,Brick,House,Wall
"187",Lund_00188,"55.7046601,13.1910073",AF1QipOBW0M9UV3z2Fub8rgX5ZI5yQ0HhAc1zLd4X4y0,55.704660100000005,13.191007300000001,Lund_00188,Sky,Landmark,Tower,Building,Cloud,Shot tower,Cumulus,Architecture,,
"188",Lund_00189,"55.7046601,13.1910073",AF1QipPMdc7XFo9VYBzxWw5atujAdTiaL5uOvN9HSgy2,55.704660100000005,13.191007300000001,Lund_00189,Tree,Sky,Morning,Leaf,Lane,Spring,Road,Park,Sunlight,Road surface
"189",Lund_00190,"55.7046601,13.1910073",AF1QipMrC_SrggRT61FlokVAZRZL9F4Bgjt0HEwZJnWc,55.704660100000005,13.191007300000001,Lund_00190,Landmark,Architecture,Building,Medieval architecture,City,Church,Tower,Urban area,Gothic architecture,Metropolitan area
"190",Lund_00191,"55.7046601,13.1910073",AF1QipOBWtmA9DFx1_pwEC7mSNtFwFzW5vOmmfYXV2jQ,55.704660100000005,13.191007300000001,Lund_00191,Landmark,Architecture,Medieval architecture,Night,Building,Sky,Place of worship,Church,Facade,Cathedral
"191",Lund_00192,"55.7046601,13.1910073",AF1QipPGiSHBPCMnTyA35CYZvqrIJpbriKQELctPLU9E,55.704660100000005,13.191007300000001,Lund_00192,Musician,Grass,Performance,Music,Musical ensemble,Musical instrument,Vehicle,Lawn,,
"192",Lund_00193,"55.7046601,13.1910073",AF1QipP7LRsyexYVN8WbWsOHV92QzDrkRDN9zONKb9ym,55.704660100000005,13.191007300000001,Lund_00193,Building,Winter,Tree,Property,Snow,Town,Architecture,Home,House,Estate
"193",Lund_00194,"55.7046601,13.1910073",AF1QipP-j6wZtcw1Y5VbA1imelXjJyTlvhAOO36TG5o5,55.704660100000005,13.191007300000001,Lund_00194,Wall clock,Clock,Font,Furniture,Auto part,Circle,Number,Logo,Brand,
"194",Lund_00195,"55.7046601,13.1910073",AF1QipO4ovVlDi2bXyjoLuCVkApcdpEA2vDAEK94Srrd,55.704660100000005,13.191007300000001,Lund_00195,Tree,Event,,,,,,,,
"195",Lund_00196,"55.7046601,13.1910073",AF1QipOqsDZmEwxJywp8cP9lROasecMLtTQbPD2cN_ne,55.704660100000005,13.191007300000001,Lund_00196,Residential area,Building,Neighbourhood,Town,Human settlement,Property,City,Apartment,Mixed-use,Architecture
"196",Lund_00197,"55.7046601,13.1910073",AF1QipOlZJUcum1nJzW5hEO5Ok3rhAStTWqicazjBhXH,55.704660100000005,13.191007300000001,Lund_00197,Public space,Town,Plaza,Street light,Town square,Human settlement,City,Light fixture,Tourism,Statue
"197",Lund_00198,"55.7046601,13.1910073",AF1QipM4ge_0ELevOpUU5TPFkwnLUfFE5DSIB60zIqZE,55.704660100000005,13.191007300000001,Lund_00198,Grassland,Grass,Road,Walking,Field,Grass family,Plain,Tree,Rural area,Ecoregion
"198",Lund_00199,"55.7046601,13.1910073",AF1QipOq5oxVwh93yRdPYE7syQCiPuTWfzH6ra8dFhsG,55.704660100000005,13.191007300000001,Lund_00199,Night,Building,Street,City,,,,,,
"199",Lund_00200,"55.7046601,13.1910073",AF1QipPY_PhNmkhvwqfqEz-QF7jmtgW_d2d7y_gg5Xes,55.704660100000005,13.191007300000001,Lund_00200,Architecture,Transport,Sky,Urban area,Residential area,Neighbourhood,Winter,Snow,Building,Metropolitan area
"200",Lund_00201,"55.7046601,13.1910073",AF1QipMg0WHFt62vEoO-xNQPfYp8myeKfs1vFgX0GFqw,55.704660100000005,13.191007300000001,Lund_00201,Town,Street,Neighbourhood,Road,Building,Human settlement,Alley,City,Infrastructure,Lane
"203",Lund_00204,"55.7046601,13.1910073",AF1QipPZEYS9HxvTkUeSlaREN1mYh1SBAzmIpk0kFVYL,55.704660100000005,13.191007300000001,Lund_00204,Landmark,Architecture,Tree,Building,Town,Sky,Medieval architecture,City,Plant,Night
"204",Lund_00205,"55.7046601,13.1910073",AF1QipNgH6_WL70QmRwCpGBk9_H8dxluvlmOcKoRPez9,55.704660100000005,13.191007300000001,Lund_00205,Tree,Public space,Urban area,Town,Neighbourhood,Human settlement,Street,Mode of transport,City,Woody plant
"205",Lund_00206,"55.7046601,13.1910073",AF1QipP4UMW7aVNyyJTaYAip49EJr9_NeiRxwZ1yZQQU,55.704660100000005,13.191007300000001,Lund_00206,Town,Street,Architecture,Bicycle,Cobblestone,Building,City,Neighbourhood,Human settlement,Urban area
"206",Lund_00207,"55.7046601,13.1910073",AF1QipMm7JGYKXJSHd-3zuKrt6H3F9LpX13lG65_NHfF,55.704660100000005,13.191007300000001,Lund_00207,Residential area,Town,Sky,Neighbourhood,House,Street,Property,Home,Building,Urban area
"207",Lund_00208,"55.7046601,13.1910073",AF1QipOh5MeC2U86X-EbEISmBr3XH3QJzeW76a1Ekz9Y,55.704660100000005,13.191007300000001,Lund_00208,Town square,Town,Public space,City,Human settlement,Plaza,Neighbourhood,Street,Building,Photography
"208",Lund_00209,"55.7046601,13.1910073",AF1QipMqQc6nRzAii1N6Hh7FhAEo-pqNSDL4BDsfjgTN,55.704660100000005,13.191007300000001,Lund_00209,Vehicle,Boat,Waterway,Watercraft,Port,Harbor,Ship,Marina,Tall ship,Channel
"209",Lund_00210,"55.7046601,13.1910073",AF1QipO7A29OIChRnvF9xOB3fITgzFIg9tEfHELowGn7,55.704660100000005,13.191007300000001,Lund_00210,Town,City,Human settlement,Sky,Urban area,Evening,Neighbourhood,Downtown,Landmark,Morning
"210",Lund_00211,"55.7046601,13.1910073",AF1QipNL0h4xjUGQlbucskCZPoCjiTRy0PyVYydUMfoD,55.704660100000005,13.191007300000001,Lund_00211,Street,Sky,Town,Neighbourhood,Road,Cobblestone,Alley,Lane,Urban area,Building
"211",Lund_00212,"55.7046601,13.1910073",AF1QipOg6kLYCxqpP9xEsAI_dWRka2QZsDleY7JRE4F8,55.704660100000005,13.191007300000001,Lund_00212,Town,Tree,Neighbourhood,Sky,Architecture,House,Building,Street,Urban area,City
"212",Lund_00213,"55.7046601,13.1910073",AF1QipOHHEVYsxLPUB2y8lAa8glD-Ukb_kG5oz-ddMe1,55.704660100000005,13.191007300000001,Lund_00213,Tree,Architecture,Landmark,Urban area,Town,Building,Wall,City,Public space,Street
"213",Lund_00214,"55.7046601,13.1910073",AF1QipMZ_W1GADkjz7LwAjYmUTODH1NORtZsa3h8wuPS,55.704660100000005,13.191007300000001,Lund_00214,Tree,Spring,Sky,Blossom,Flower,Daytime,Plant,Woody plant,Grass,Branch
"214",Lund_00215,"55.7046601,13.1910073",AF1QipNrriD5BUonNWI9cwa8TZxKtx7N7ZfXXSchAMNO,55.704660100000005,13.191007300000001,Lund_00215,Aerial photography,Urban area,Residential area,Metropolitan area,Daytime,Bird's-eye view,Sky,City,Suburb,Roof
"215",Lund_00216,"55.7046601,13.1910073",AF1QipMr2_oU2mkgcav5-DTQ3JEPJfbaUe7PzssLB6o4,55.704660100000005,13.191007300000001,Lund_00216,Town,Sky,Property,House,Residential area,Home,Building,Street,Neighbourhood,Cloud
"216",Lund_00217,"55.7046601,13.1910073",AF1QipNYJyF0BVEBfCFlkJmYgAx470U845fAWiYd1aoD,55.704660100000005,13.191007300000001,Lund_00217,Roof,Residential area,Town,Sky,Urban area,Neighbourhood,Human settlement,Suburb,City,Building
"217",Lund_00218,"55.7046601,13.1910073",AF1QipPFrdoyf_lll6pKMuQcAIKRNdzqrP2a2h6sTuAm,55.704660100000005,13.191007300000001,Lund_00218,Night,Light,Lighting,Architecture,Building,Facade,House,City,Hotel,
"221",Lund_00222,"55.7042907,13.1896824",AF1QipMIDwGDri2PPdEUmxKaUAFS-CVOSHViBUwEHFz5,55.704290700000001,13.189682399999999,,,,,,,,,,,
"224",Lund_00225,"55.7036757,13.1883242",AF1QipMXFOdYAQLOa3ce4s8JHQzonT-6BX22kV1hgSze,55.703675699999998,13.188324200000000,Lund_00225,Building,Property,Landmark,Architecture,Château,Estate,Town,Stately home,Mansion,Manor house
"231",Lund_00232,"55.7046601,13.1910073",AF1QipMO-uV5XOgpaThciAMs70HGyGjY6KRfCHvVPJ9-,55.704660100000005,13.191007300000001,Lund_00232,Lighting,Night,Building,Architecture,Tree,Metropolitan area,City,Light fixture,Metropolis,Restaurant
"241",Lund_00242,"55.7042743,13.1895656",AF1QipOyWSDdKIcR5u06o6bD09BBYilUadakMBm92h2y,55.704274300000002,13.189565599999998,,,,,,,,,,,
"244",Lund_00245,"55.7036757,13.1883242",AF1QipOVet7d0DQ4Oq9X7csxujql00WLszRYjDKELNc3,55.703675699999998,13.188324200000000,Lund_00245,Building,Château,Landmark,Medieval architecture,Stately home,Estate,Architecture,Manor house,Castle,Mansion
"248",Lund_00249,"55.7036757,13.1883242",AF1QipMolNejTE1p7oOUxGz8ThEoG94eSseZFrRTZ0KX,55.703675699999998,13.188324200000000,Lund_00249,Building,Landmark,Château,Property,Estate,Architecture,Stately home,Mansion,Manor house,Historic house
"252",Lund_00253,"55.7038523,13.1890138",AF1QipPH54wireBTOvKuRli4AAw8WZV9ikLYW7RbP8D9,55.703852299999994,13.189013800000001,Lund_00253,Château,Estate,Building,Property,Landmark,Stately home,Palace,Manor house,Architecture,Castle
"255",Lund_00256,"55.7038523,13.1890138",AF1QipORljfVT25iJbc2Kv2Rs0FnAB2I3OpFlg0d7v1n,55.703852299999994,13.189013800000001,Lund_00256,Building,Property,Estate,Mansion,Architecture,Château,Stately home,House,Home,Historic house
"257",Lund_00258,"55.7036757,13.1883242",AF1QipPndLS3GRd4gHnV80bakgGcnEv0Z9AnFec_ByXs,55.703675699999998,13.188324200000000,Lund_00258,Building,Landmark,Architecture,Château,Stately home,Estate,Mansion,Manor house,Historic house,Palace
"261",Lund_00262,"55.704217,13.1896581",AF1QipPygNnufdLBp6CIC87eDiX5K0jH4kwCoVqkcZLP,55.704217000000007,13.189658100000001,,,,,,,,,,,
"264",Lund_00265,"55.7063669,13.190585",AF1QipM_CF4-6QVrmEUmfH9ZotBdyFvlaBiLel6gxN8,55.706366899999999,13.190585000000000,Lund_00265,Building,Mansion,Landmark,Property,Estate,Architecture,Classical architecture,Palace,Official residence,Stately home
"277",Lund_00278,"55.7038523,13.1890138",AF1QipN2sgJhjZ1FVX-LZL9pAxCKRNa6zbvNVEY0BiFq,55.703852299999994,13.189013800000001,Lund_00278,Building,Estate,Property,Mansion,Château,Palace,Stately home,Architecture,Manor house,House
"281",Lund_00282,"55.7043147,13.1897044",AF1QipMOYDy1QN9P48Eu9BNTZDcFTOO8xfhUJ2X7AhVd,55.704314699999998,13.189704400000000,,,,,,,,,,,
"282",Lund_00283,"55.7037735,13.193264",AF1QipPp44TJQjSeLyX7MxNE_DOXLPSt2Fm6jNWl0Phu,55.703773499999997,13.193264000000001,,,,,,,,,,,
"301",Lund_00302,"55.7042371,13.1896137",AF1QipM9BaZvWS9qsXcPcqzALmaQweSsnj851hp6GD8s,55.704237100000007,13.189613699999999,,,,,,,,,,,
"302",Lund_00303,"55.703722,13.1932981",AF1QipPpGWXzbWwh1_WFPxoWkWLQ7WafmTSbV2cgSNDP,55.703721999999999,13.193298100000000,,,,,,,,,,,
"307",Lund_00308,"55.7036757,13.1883242",AF1QipMFoOExvH_E06ANTYxfiy0o8P6939aj_B1AHN00,55.703675699999998,13.188324200000000,Lund_00308,Building,Estate,Château,Property,Mansion,Palace,Stately home,Manor house,Architecture,House
"319",Lund_00320,"55.7038368,13.1932971",AF1QipMLHWFbAiBtXaOGIPnzQKaP3n8pV9aS6IQVO_DH,55.703836800000005,13.193297099999999,Lund_00320,Landmark,Spire,Building,Architecture,City,Sky,Medieval architecture,Town,Steeple,Tower
"321",Lund_00322,"55.7042122,13.1895392",AF1QipOKrHbGaER2Iny2Z9VM_8MpATFhMF4oYjQ0myd1,55.704212200000001,13.189539199999999,,,,,,,,,,,
"322",Lund_00323,"55.7040828,13.1885028",AF1QipNQMcUi2kPoxyB3WZzZuViQ80GA8HN6v4rQm5e_,55.704082799999995,13.188502800000002,,,,,,,,,,,
"328",Lund_00329,"55.7036757,13.1883242",AF1QipPfRjUyrEbnpFGfUwJ9PNr4VJ-bswoCCkZ0s5Gu,55.703675699999998,13.188324200000000,Lund_00329,Building,Estate,Property,Château,Stately home,Architecture,Palace,Mansion,Tree,Manor house
"342",Lund_00343,"55.7038778,13.1922319",AF1QipNothOe7_jE6ffx6KFWLu3UEmUZP-4cq7-a_kyh,55.703877799999994,13.192231900000001,,,,,,,,,,,
"343",Lund_00344,"55.7036757,13.1883242",AF1QipMsTVDD7NfEVEyEVzeVwkASE0RNTsidsXiZRsO7,55.703675699999998,13.188324200000000,Lund_00344,Building,Estate,Property,Mansion,Stately home,Château,Manor house,Palace,Architecture,Historic house
"354",Lund_00355,"55.7038523,13.1890138",AF1QipOHO37dfgxUHoHUKJNkA4R_Qlv8lFLr6qrQr7tr,55.703852299999994,13.189013800000001,Lund_00355,Building,Estate,Property,Mansion,Château,Stately home,Manor house,Palace,Architecture,Historic house
"359",Lund_00360,"55.7063669,13.190585",AF1QipMo641mq_0dPZzvECzdUOHOi7yKGsQqJZvCS7U,55.706366899999999,13.190585000000000,Lund_00360,Building,Estate,Property,Mansion,Stately home,Château,Architecture,Manor house,Historic house,Medieval architecture
"374",Lund_00375,"55.7036757,13.1883242",AF1QipOhxi5rzsd19YBX2ioGw_0HySon3ZGKmGwrCjss,55.703675699999998,13.188324200000000,Lund_00375,Building,Landmark,Medieval architecture,Architecture,Water castle,Town,Château,Waterway,Stately home,Sky
"401",Lund_00402,"55.7043283,13.1896095",AF1QipM0gCZaCJSDlrh2tgmMR-8XvGi7KnVOvmfRm3_0,55.704328299999993,13.189609500000000,,,,,,,,,,,
"402",Lund_00403,"55.703719,13.1937894",AF1QipNy059iMHypcCl9YfQG7G68V9f8SyrmHd6VzZvi,55.703718999999992,13.193789400000000,,,,,,,,,,,
"422",Lund_00423,"55.703612,13.1931628",AF1QipMmN5-AVUhlh98HErvjR-Kmgmlpdp6bKWkSrRjF,55.703612000000000,13.193162800000000,,,,,,,,,,,
"424",Lund_00425,"55.7038523,13.1890138",AF1QipMZbEHBsOmS9sTBi8shl8LD-5qRPzoje0rZELs8,55.703852299999994,13.189013800000001,Lund_00425,Landmark,City,Building,Plaza,Town,Architecture,Human settlement,Public space,Town square,Facade
"425",Lund_00426,"55.7036757,13.1883242",AF1QipPNVNYH1BtH4TX-uRmAnQH9Szfe1X5lbD0FlySW,55.703675699999998,13.188324200000000,Lund_00426,Building,Landmark,College,Public space,Grass,City,Architecture,Campus,Human settlement,Estate
"474",Lund_00475,"55.7038523,13.1890138",AF1QipMc4dRhjurQgMfnyyHberevqAmLyj6e7zOh24YY,55.703852299999994,13.189013800000001,Lund_00475,Building,Property,Estate,Château,Landmark,Architecture,Mansion,Manor house,Sky,Stately home
"480",Lund_00481,"55.7063669,13.190585",AF1QipMkRVHo4SEd8LslcYpZNZeGbzZlI_5oXTuaqsg,55.706366899999999,13.190585000000000,Lund_00481,Landmark,Building,Classical architecture,Architecture,Property,House,Estate,Mansion,Courthouse,Historic house
"483",Lund_00484,"55.7038368,13.1932971",AF1QipMkr1DcdUwU304o_OxrWecj_cXobTD3supWfCGt,55.703836800000005,13.193297099999999,Lund_00484,Landmark,Building,Architecture,City,Tower,Town,Metropolitan area,Urban area,Facade,Sky
"497",Lund_00498,"55.7036757,13.1883242",AF1QipMbMT5F90B-I9C_aVKxQefec3EBjQpL1_wLiunw,55.703675699999998,13.188324200000000,Lund_00498,Château,Building,Estate,Property,Palace,Mansion,Manor house,House,College,Architecture
"498",Lund_00499,"55.7036757,13.1883242",AF1QipMMtZ3MLGvm8mHEg9KdOx4TIcF14FXRSG1LKVk9,55.703675699999998,13.188324200000000,Lund_00499,Château,Building,Estate,Property,Palace,Mansion,Manor house,House,College,Architecture
"499",Lund_00500,"55.7036757,13.1883242",AF1QipMXxe2dPaXnSeCmsc9B73QPqkSmaWAPpfr_13d9,55.703675699999998,13.188324200000000,Lund_00500,Château,Building,Estate,Property,Palace,Mansion,Manor house,House,College,Architecture
"500",Lund_00501,"55.7036757,13.1883242",AF1QipOBQMGVv0E-bXwSdp0qnO6srhhwyjTo3acDDVsw,55.703675699999998,13.188324200000000,Lund_00501,Château,Building,Estate,Property,Palace,Mansion,Manor house,House,College,Architecture
"509",Lund_00510,"55.7017511,13.1941009",AF1QipOMqQ3khaPbeXcVpIC8_gPaIfBEmD7rq26Ff3Lf,55.701751100000003,13.194100899999999,,,,,,,,,,,
"528",Lund_00529,"55.7042667,13.1896606",AF1QipNrxZ83Veoi_AffyHF7BGQ5CMIvjnug6wI6c8jV,55.704266700000005,13.189660600000000,,,,,,,,,,,
"535",Lund_00536,"55.7038523,13.1890138",AF1QipM4-mZzdrUUG79Q4pPHmBaFDHCbaf4mc65cVThz,55.703852299999994,13.189013800000001,Lund_00536,Building,Château,Stately home,Landmark,Architecture,Property,Estate,Mansion,Palace,Medieval architecture
"544",Lund_00545,"55.7036757,13.1883242",AF1QipPaqAumI7YMPfgknJHiKSd5LBnIUKX3nHVGGad7,55.703675699999998,13.188324200000000,Lund_00545,Building,Château,Estate,Palace,Public space,Vehicle,Bicycle,Campus,Architecture,Mansion
"548",Lund_00549,"55.7043411,13.1897139",AF1QipPmMk6F_iMzL5skaKJfl2LKC33o2fYy46hp6PnQ,55.704341099999994,13.189713899999999,,,,,,,,,,,
"549",Lund_00550,"55.7035993,13.1938164",AF1QipPITT4DZKe8AXZTMJ-0qVuFeNm5OcL6X6KKeIfp,55.703599300000000,13.193816399999999,,,,,,,,,,,
"552",Lund_00553,"55.7030731,13.1923768",AF1QipPW_rY5Xguu0bU5t6M-wtNwActQNOopgKAhnRaK,55.703073100000005,13.192376800000002,Lund_00553,Building,Architecture,Classical architecture,Palace,City,Facade,Official residence,Town square,Presidential palace,House
"553",Lund_00554,"55.7038523,13.1890138",AF1QipMFtbG_iCeKXOKnsfRwQIbLowK-phDTCWo5dsJ7,55.703852299999994,13.189013800000001,Lund_00554,Building,Property,Architecture,Mansion,Stately home,Estate,Palace,Facade,City,Historic house
"556",Lund_00557,"55.7038523,13.1890138",AF1QipO_pTmhsbDmH7yjTzUNLhWF3wYcOYbGz7uCFyZd,55.703852299999994,13.189013800000001,Lund_00557,Building,Property,Estate,Mansion,Stately home,Architecture,Historic house,Palace,College,House
"568",Lund_00569,"55.7042641,13.189613",AF1QipNn3Kqv1HPLgH9fN4b7l8_OiBXS2aDPQ8-iqy_-,55.704264100000003,13.189613000000000,,,,,,,,,,,
"580",Lund_00581,"55.7063669,13.190585",AF1QipNBhklkfvjb_2hZttQhNit-MttE-XM5kb9zgjA,55.706366899999999,13.190585000000000,Lund_00581,Building,Property,Architecture,Château,Stately home,Castle,Medieval architecture,Estate,Tree,Historic house
"585",Lund_00586,"55.7036757,13.1883242",AF1QipMZ-a9Lul8ixjgiLpWgVc0IVM0gl7GyewVWRjRf,55.703675699999998,13.188324200000000,Lund_00586,Landmark,Building,Sky,Architecture,Winter,Town,Water,Waterway,City,Tree
"600",Lund_00601,"55.7038368,13.1932971",AF1QipOjxBPzIYCo7IhYB00EROMdeeG7xLOLrEs2NWHx,55.703836800000005,13.193297099999999,Lund_00601,Building,Landmark,Medieval architecture,Architecture,Place of worship,Church,Facade,Cathedral,Classical architecture,City
"619",Lund_00620,"55.7027211,13.1930256",AF1QipN5XsohyKpsmN7WU87HApD_KoOjZxUK2bNl27MM,55.702721099999998,13.193025599999999,Lund_00620,Town,Building,Property,Public space,Human settlement,House,City,Town square,Architecture,Estate
"620",Lund_00621,"55.7046601,13.1910073",AF1QipMaKMP8VZCwsKHmXbD3X_gwjRFVYhGi2V3m5sgC,55.704660100000005,13.191007300000001,Lund_00621,Aerial photography,Metropolitan area,Residential area,Bird's-eye view,Suburb,Urban area,Urban design,Junction,Neighbourhood,Human settlement
"629",Lund_00630,"55.698492,13.195358",AF1QipOs4XczLWzlYhKE41dzzRv9BeGo9vgqnNyzAXuI,55.698492000000002,13.195357999999999,,,,,,,,,,,
"632",Lund_00633,"55.7063669,13.190585",AF1QipP6efuqXytFxwPwIdjQHQWaTNG3-zUKsBozFKk,55.706366899999999,13.190585000000000,Lund_00633,Building,Architecture,Property,Landmark,Neighbourhood,Town,City,Human settlement,Medieval architecture,Facade
"638",Lund_00639,"55.7028102,13.192444",AF1QipO1eZbYGLqHmgbfpvL8D-lX0E9XWLSHOqchfl4c,55.702810200000009,13.192444000000000,Lund_00639,Landmark,Building,Architecture,Classical architecture,City,Facade,Stately home,Sky,Metropolis,Tower
"664",Lund_00665,"55.701895,13.189741",AF1QipP1FA7viTnfJP5ken-sBR8RP8ekaWpwsYYUHK1p,55.701894999999993,13.189741000000000,Lund_00665,Building,Architecture,Property,Landmark,Town,Classical architecture,House,Facade,Palace,Seat of local government
"676",Lund_00677,"55.7036757,13.1883242",AF1QipNZLaRIrxZQnxMD7wvg2VxnlBU6x5V_MWR2qaQN,55.703675699999998,13.188324200000000,Lund_00677,Building,Landmark,Architecture,Sky,Human settlement,Town,City,Public space,Town square,Plaza
"679",Lund_00680,"55.7051331,13.1915304",AF1QipPfQ5oEuNG0d1nhOdLgSkHI0G_5XkkUw2JHbKEU,55.705133099999998,13.191530400000000,Lund_00680,Building,Architecture,Landmark,Property,Town,Facade,House,City,Medieval architecture,Urban area
"685",Lund_00686,"55.7036757,13.1883242",AF1QipMH2Sr3XEZWL5RJPKRRsTVUtpzgQnF1kf3beK3B,55.703675699999998,13.188324200000000,Lund_00686,Building,Town,Château,Architecture,Sky,House,Castle,Estate,City,Neighbourhood
"708",Lund_00709,"55.7043036,13.1896403",AF1QipPkEPicEhCKKtiMLBFz57_4RHfrg7yrVRkN_Y8D,55.704303599999996,13.189640300000002,,,,,,,,,,,
"711",Lund_00712,"55.7018321,13.1939633",AF1QipPVD9lVvvBpzsMUNulbfH1J53dTV83DKFCTqnfv,55.701832099999997,13.193963300000000,Lund_00712,Town,City,Human settlement,Public space,Town square,Building,Architecture,Plaza,Tourism,Mixed-use
"727",Lund_00728,"55.7038523,13.1890138",AF1QipPrZ5UMbHuR5pJo7NzeLgODw5h4-Nnc0z0EeMM,55.703852299999994,13.189013800000001,Lund_00728,Building,Architecture,Landmark,Town,Property,Facade,House,City,Mansion,Stately home
"730",Lund_00731,"55.7038523,13.1890138",AF1QipO-PAEtSQML1AH24m0J5b0bYIrBsmUPyWcziXc,55.703852299999994,13.189013800000001,Lund_00731,Building,Architecture,Landmark,Town,Property,Facade,House,City,Mansion,Stately home
"749",Lund_00750,"55.703731,13.193336",AF1QipMbxM_mizirM0WlRX6YeLfho7mFyV7f_GV1vgi3,55.703731000000005,13.193335999999999,,,,,,,,,,,
"761",Lund_00762,"55.7038523,13.1890138",AF1QipP2EYmHaVb3WMZ77klJ5b56Fh1KvQ58fa__bNZ5,55.703852299999994,13.189013800000001,Lund_00762,Building,Property,Landmark,Architecture,Estate,Town,Stately home,Mansion,House,City
"771",Lund_00772,"55.7046601,13.1910073",AF1QipNBtY-mx4R6ylQ9NCmaqVZJ5sf8G_krJg_x9HuG,55.704660100000005,13.191007300000001,Lund_00772,Aerial photography,Residential area,Urban area,Suburb,Bird's-eye view,Metropolitan area,Neighbourhood,City,Human settlement,Urban design
"784",Lund_00785,"55.7036757,13.1883242",AF1QipOst10cliBgsMPg-iRVVLoCbbsoNRNipimZqvsW,55.703675699999998,13.188324200000000,Lund_00785,Landmark,Sky,Building,Estate,Architecture,Grass,Property,Stately home,Town,City
"796",Lund_00797,"55.7027212,13.1930256",AF1QipNRBw9qyeabUKx4-qFBMKz2OaALdfMcfSg4Zghh,55.702721200000006,13.193025599999999,Lund_00797,City,Town,Human settlement,Town square,Public space,Plaza,Landmark,Architecture,Building,Urban area
"799",Lund_00800,"55.7038368,13.1932971",AF1QipMMLWCabPgyu7ZQ_LYgNpWHtJ0UtETuJrOY4Fd3,55.703836800000005,13.193297099999999,Lund_00800,Building,Landmark,Medieval architecture,Architecture,Classical architecture,Place of worship,Church,Facade,Cathedral,Sky
"816",Lund_00817,"55.7036757,13.1883242",AF1QipNsT0UiqtxUinP3U8TpzTVU4MsHpZTNmAurf1Au,55.703675699999998,13.188324200000000,Lund_00817,Building,Property,Mansion,Estate,Stately home,Medieval architecture,Château,Architecture,Manor house,House
"819",Lund_00820,"55.7027486,13.1932879",AF1QipONClZnhPL2Pd6L4ytUfnvMwosintUXliMoNZg5,55.702748600000007,13.193287900000001,Lund_00820,Cobblestone,Town,Public space,Sky,Human settlement,Flooring,City,Town square,Tourism,Street
"854",Lund_00855,"55.7027211,13.1930256",AF1QipOlLGsYiR8ht_xlQx1WjTUsacv5UrTjgf8lbJC1,55.702721099999998,13.193025599999999,Lund_00855,Building,Architecture,Palace,City,Plaza,Official residence,Town square,Estate,Facade,Mansion
"856",Lund_00857,"55.7038523,13.1890138",AF1QipNPp5tddyT3cV9jEiDXn50PcYih1q_QYZBM6Gjq,55.703852299999994,13.189013800000001,Lund_00857,Building,Property,Architecture,Town,Landmark,Mansion,Facade,House,Real estate,Apartment
"861",Lund_00862,"55.7024348,13.1934629",AF1QipP9r8Jy7Vjtytboc8gTUapXrfdLRzj-Kdsf_mRm,55.702434799999999,13.193462900000002,Lund_00862,Town,Town square,Public space,City,Human settlement,Building,Architecture,Plaza,Sky,Tree
"885",Lund_00886,"55.7036757,13.1883242",AF1QipN93i5e4IrZTI-JtgsIBa5wl-_css5CHpxHloeC,55.703675699999998,13.188324200000000,Lund_00886,Building,Property,Architecture,Landmark,Stately home,Mansion,Estate,Historic house,Château,Facade
"911",Lund_00912,"55.7027211,13.1930256",AF1QipPBZwncGKvD8a_oLuRQ5Z11uF04pITail3aE6r2,55.702721099999998,13.193025599999999,Lund_00912,Medieval architecture,Building,Architecture,Landmark,Church,Facade,Spire,Place of worship,Cathedral,Historic site
"925",Lund_00926,"55.7016449,13.1940633",AF1QipOifUQKbfIt-hEBGsKX0esPe4AGa93m654aWAC-,55.701644900000005,13.194063300000000,,,,,,,,,,,
"940",Lund_00941,"55.7038523,13.1890138",AF1QipOm3-x885Um9Lwcopu48f5EvxSRuDX5brC1LR5f,55.703852299999994,13.189013800000001,Lund_00941,Building,Property,Estate,Palace,Public space,Plaza,Stately home,Human settlement,City,Mansion
"950",Lund_00951,"55.7017432,13.1949967",AF1QipMjSPQlhfK6ShmEzFzWobh7CreeFWdhvKL9kNCv,55.701743200000003,13.194996700000001,,,,,,,,,,,
"968",Lund_00969,"55.7036757,13.1883242",AF1QipNQhAQQIfDpbQx0RCNvXdDkGuulKjaOWckFXEHT,55.703675699999998,13.188324200000000,Lund_00969,Sky,Cloud,Building,Landmark,Architecture,Town,Human settlement,Estate,Château,House
"978",Lund_00979,"55.7038368,13.1932971",AF1QipNh2UmaV7RjSkF-x3ibAugH40nNKbPKNG9EkwK4,55.703836800000005,13.193297099999999,Lund_00979,Landmark,Medieval architecture,Architecture,Building,Church,Place of worship,Steeple,Cathedral,Facade,Classical architecture
"985",Lund_00986,"55.7027211,13.1930256",AF1QipP0wStoPHEPgO4zV50QIxMNtTRb_tGREalhzaWE,55.702721099999998,13.193025599999999,Lund_00986,Building,Landmark,Architecture,Town,Medieval architecture,Cathedral,City,Church,Spire,Facade
"1004",Lund_01005,"55.70631,13.191152",AF1QipO9oYsK2kA86nwnoC_3tlMWoY8ws9QWefiCz_oI,55.706309999999995,13.191151999999999,Lund_01005,Building,Town,City,Human settlement,Landmark,Architecture,Public space,Plaza,Town square,Mixed-use
"1006",Lund_01007,"55.7027211,13.1930256",AF1QipPXQw9vJWJrBlNH44mSojJWPNh8bgQKIn3i17Ly,55.702721099999998,13.193025599999999,Lund_01007,Building,Medieval architecture,Architecture,Landmark,Church,Place of worship,Cathedral,Facade,Steeple,Spire
"1016",Lund_01017,"55.7030731,13.1923768",AF1QipNt9pILpEKJV_3y4y430FliCECURbetxq5SVYnV,55.703073100000005,13.192376800000002,Lund_01017,Medieval architecture,Classical architecture,Landmark,Architecture,Building,Place of worship,Cathedral,Gothic architecture,Sky,Facade
"1042",Lund_01043,"55.7051331,13.1915304",AF1QipOz69B5T5CchrhEwIMDLltg2s6k2mnHW8Ot7g1f,55.705133099999998,13.191530400000000,Lund_01043,Architecture,Landmark,Building,City,Town,Human settlement,Sky,Urban area,Facade,Palace
"1044",Lund_01045,"55.7030731,13.1923768",AF1QipMT1xQLk7gN_IUpcDQTu76Mu0rULbBP87Csfo63,55.703073100000005,13.192376800000002,Lund_01045,Medieval architecture,Classical architecture,Landmark,Architecture,Building,Place of worship,Cathedral,Gothic architecture,Sky,Facade
"1081",Lund_01082,"55.7046601,13.1910073",AF1QipOokyUMFKFLoQLopweQqufOWSSROFDRJuaSxb0M,55.704660100000005,13.191007300000001,Lund_01082,Aerial photography,Urban area,Metropolitan area,Residential area,Bird's-eye view,Suburb,City,Urban design,Neighbourhood,Human settlement
"1089",Lund_01090,"55.7037735,13.193264",AF1QipOxEnMwphmpfZSpK4wXDuHf58E6vwt0cy1DYGqu,55.703773499999997,13.193264000000001,,,,,,,,,,,
"1104",Lund_01105,"55.7046601,13.1910073",AF1QipPzpGQ2xifI7ZjlkIeq81OQ7h_a4cnYzs06ZOA0,55.704660100000005,13.191007300000001,Lund_01105,Aerial photography,Bird's-eye view,Metropolitan area,Urban area,Residential area,Suburb,City,Cityscape,Metropolis,Human settlement
"1115",Lund_01116,"55.7038368,13.1932971",AF1QipNRoNPlDHvWH8sTualyg9fn3CtmgBrzR6dkKxvJ,55.703836800000005,13.193297099999999,Lund_01116,Landmark,Architecture,Medieval architecture,Building,Classical architecture,Gothic architecture,Facade,Place of worship,Church,Cathedral
"1120",Lund_01121,"55.7027211,13.1930256",AF1QipMAk5_b5ZZoHltk4krFBcQjevsLkAup1ydLDegD,55.702721099999998,13.193025599999999,Lund_01121,Town,Neighbourhood,Building,Property,Architecture,Human settlement,City,Street,House,Mixed-use
"1123",Lund_01124,"55.7036439,13.1939421",AF1QipMpDV3I8fyoeCiVgXxio9B5aCBNwPzXuug8HaVi,55.703643900000003,13.193942100000001,Lund_01124,Building,Town,Landmark,Architecture,Sky,Church,Wall,Urban area,Tree,City
"1127",Lund_01128,"55.7063669,13.190585",AF1QipMMuhBJBcIkTgv72K9qBKeOCjmJAfGX7d2avoo,55.706366899999999,13.190585000000000,Lund_01128,Building,Town,Architecture,Public space,City,Human settlement,House,Plaza,Facade,Downtown
"1135",Lund_01136,"55.7032041,13.1902897",AF1QipP8R5j_UpC8bJ9tLUgrxfc4O89ze8u1KkUCQXRh,55.703204099999994,13.190289699999999,Lund_01136,Classical architecture,Architecture,Building,Landmark,Facade,City,Courthouse,Seat of local government,Palace,Tourist attraction
"1136",Lund_01137,"55.703198,13.193064",AF1QipO6yYcX1EoROowXrgNpxm8uSoeIW80MgJJ1ndmU,55.703198000000000,13.193064000000001,Lund_01137,Town,Public space,Town square,City,Human settlement,Plaza,Sky,Building,Architecture,Spring
"1143",Lund_01144,"55.7028102,13.192444",AF1QipPpYHm32181DghsKqd6QxlQTjJhuZiA0DCsFOd2,55.702810200000009,13.192444000000000,Lund_01144,Body of water,Waterway,Canal,River,Town,Property,Residential area,Human settlement,Bank,Neighbourhood
"1150",Lund_01151,"55.7027212,13.1930256",AF1QipO093z3vKVmfFpLmnmMEYiiGV7kfxHaiNOFpT1S,55.702721200000006,13.193025599999999,Lund_01151,Town,Property,Building,Public space,City,Human settlement,Neighbourhood,Architecture,Mixed-use,House
"1178",Lund_01179,"55.7038523,13.1890138",AF1QipNmlycjrKqcEKaL1TPskC0W5ZkHieK60TH9QPw6,55.703852299999994,13.189013800000001,Lund_01179,Building,Château,Estate,Stately home,Architecture,Mansion,Palace,Manor house,Historic house,Medieval architecture
"1188",Lund_01189,"55.706197,13.192944",AF1QipOSsoxyq6Hr8yt3O8urIYUQqJWVqmrZdzCTCYH7,55.706196999999996,13.192944000000001,,,,,,,,,,,
"1195",Lund_01196,"55.7018321,13.1939633",AF1QipM6wdbc_kzZUOYAK78uHkR6pB0PWWwn2_1rJC50,55.701832099999997,13.193963300000000,Lund_01196,Town,Building,Property,Architecture,Mixed-use,Human settlement,House,Neighbourhood,City,Real estate
"1215",Lund_01216,"55.7020802,13.1960077",AF1QipNyeRgdspDu9PmJ9gNn2mjwsKbABYLxOrettL3M,55.702080200000005,13.196007699999999,,,,,,,,,,,
"1246",Lund_01247,"55.7015909,13.1971719",AF1QipP3SLRHrcOQzhPe2jaQBY6aA7vwKU-uShUA4Aju,55.701590899999999,13.197171900000001,Lund_01247,Property,House,Building,Home,Roof,Cottage,Architecture,Real estate,Estate,Farmhouse
"1275",Lund_01276,"55.7039352,13.1928309",AF1QipMOkTf0OYzMDY4JoCipdKVquGEI90VhvfK2s5XF,55.703935200000004,13.192830900000001,,,,,,,,,,,
"1291",Lund_01292,"55.7027211,13.1930256",AF1QipMv5ERxQmKE9jZN_CbmLY3m1X8w5MbpCCLtOrj7,55.702721099999998,13.193025599999999,Lund_01292,Building,Medieval architecture,Architecture,Landmark,Church,Place of worship,Cathedral,Wall,Facade,Steeple
"1321",Lund_01322,"55.703198,13.193064",AF1QipNgxjbkLVj36O2ZWnwWM4eGXgDbmAkInCODdO5_,55.703198000000000,13.193064000000001,Lund_01322,Town square,Building,Town,Human settlement,Public space,City,Architecture,Plaza,Palace,Facade
"1326",Lund_01327,"55.7027211,13.1930256",AF1QipOkYMnj3Fv-wABpVIo5-5s5prxfYaNl54_mqdrO,55.702721099999998,13.193025599999999,Lund_01327,Medieval architecture,Building,Landmark,Architecture,Wall,Church,Historic site,Facade,Spire,Place of worship
"1331",Lund_01332,"55.7027212,13.1930256",AF1QipNirgdNY6aEadfMnOnUkjEhrXxGkeBt5DQjPVS-,55.702721200000006,13.193025599999999,Lund_01332,Architecture,Landmark,Town,Urban area,City,Building,Human settlement,Street,Metropolitan area,Public space
"1336",Lund_01337,"55.7036757,13.1883242",AF1QipNHIXaNkQOsznis9TaFlLgtLa3zLmupeFJinqk5,55.703675699999998,13.188324200000000,Lund_01337,Building,Property,Town,Architecture,Human settlement,Public space,House,City,Estate,Stately home
"1353",Lund_01354,"55.7014951,13.1988589",AF1QipPqfUazG646eW0FiIj6fZNQWGMZhMJshyA5YyJq,55.701495100000002,13.198858900000001,Lund_01354,Medieval architecture,Architecture,Landmark,Building,Classical architecture,Place of worship,Historic site,Cathedral,Facade,Byzantine architecture
"1374",Lund_01375,"55.7017469,13.1941286",AF1QipOk_R-0O-DQydiad8ZSJLCPgNy4WamsC3uaSdQx,55.701746900000003,13.194128599999999,,,,,,,,,,,
"1399",Lund_01400,"55.7027211,13.1930256",AF1QipMHxvgzuBxaqwXR3SdnKFMCoVl2ctMBgnfPIF8Y,55.702721099999998,13.193025599999999,Lund_01400,Town,Property,Building,Public space,City,Town square,Sky,Architecture,Plaza,Photography
"1418",Lund_01419,"55.7032041,13.1902897",AF1QipOG7gSYdjkPWblRLRHfvekMQResRywALMi8e2Or,55.703204099999994,13.190289699999999,Lund_01419,Classical architecture,Architecture,Building,Landmark,Facade,City,Basilica,Palace,Metropolis,Tourist attraction
"1424",Lund_01425,"55.7028102,13.192444",AF1QipO-R_j1Oqddnhm7D0O7cpGzvATcT3wcXNOgGUTS,55.702810200000009,13.192444000000000,Lund_01425,Building,City,Human settlement,Town square,Town,Public space,Architecture,Plaza,Palace,Facade
"1426",Lund_01427,"55.6982104,13.1964399",AF1QipPFJjfabzdfjzjhxszKtO2tvF400xV69yeN-2c3,55.698210399999994,13.196439900000000,Lund_01427,Metropolitan area,Waterway,Architecture,City,Mixed-use,Building,Human settlement,Urban area,Condominium,Tower block
"1430",Lund_01431,"55.6982104,13.1964399",AF1QipOkq-0laQIktznOxxB1ePSkGkp5QWKBwhThs7rl,55.698210399999994,13.196439900000000,Lund_01431,Metropolitan area,Waterway,Architecture,City,Mixed-use,Building,Human settlement,Urban area,Condominium,Tower block
"1530",Lund_01531,"55.6996018,13.1912987",AF1QipOsA4GqzCBEQSxs74pWtcZoGV7EkjQCaVpyppaZ,55.699601799999989,13.191298699999999,Lund_01531,Architecture,Building,Arch,Landmark,Medieval architecture,Classical architecture,Brickwork,Byzantine architecture,Facade,Brick
"1537",Lund_01538,"55.7024347,13.193463",AF1QipOHW0i6QATLbrxi53BGFguv6vWVTnpLfHvJW0HZ,55.702434700000005,13.193463000000001,Lund_01538,Building,Architecture,Town,Sky,House,City,Facade,History,Street,Town square
"1572",Lund_01573,"55.703198,13.193064",AF1QipPwFv-GnEj7ktq9hYOAB9W3hrq47q5xbqt1y2vh,55.703198000000000,13.193064000000001,Lund_01573,Town square,Public space,Town,Human settlement,City,Architecture,Building,Plaza,Street,Mixed-use
"1587",Lund_01588,"55.7033848,13.193825",AF1QipP3IrJipMM_k7vf3bpEvTPKSjKNcTJmVu8ZTm4W,55.703384800000002,13.193825000000000,Lund_01588,Sky,Architecture,Landmark,Building,Steeple,Spire,Church,Tourism,City,Roof
"1611",Lund_01612,"55.7027211,13.1930256",AF1QipNswtMhD8ykwdb7YNr_SzjJIxL7_nQFzm_ac12N,55.702721099999998,13.193025599999999,Lund_01612,Town,Building,Human settlement,City,Architecture,Plaza,Palace,Facade,Town square,House
"1618",Lund_01619,"55.7038523,13.1890138",AF1QipMoqst5urvOO1b2WiXrGFIEe0dhH1lrjCjwbSJt,55.703852299999994,13.189013800000001,Lund_01619,Roof,Town,Urban area,City,Human settlement,Neighbourhood,Building,Architecture,Sky,Residential area
"1704",Lund_01705,"55.7060964,13.1924846",AF1QipMXaqvx4dZtG7ZMbBQbYEDgD3XoV6M_NkMr6bdk,55.706096400000007,13.192484599999998,Lund_01705,Town,Building,Neighbourhood,Property,House,Architecture,Transport,Street,Residential area,Human settlement
"1705",Lund_01706,"55.7061194,13.1924444",AF1QipM1w3KEk7SpQ6641S7HDLiGANGda7uPjwJ-FE5j,55.706119399999999,13.192444400000001,Lund_01706,Town,Building,Neighbourhood,Property,House,Architecture,Transport,Street,Residential area,Human settlement
"1714",Lund_01715,"55.7058497,13.192443",AF1QipNeDDW6Ln5Z4S8vBSb6vpjNrPgs5lAieS9Sg215,55.705849699999995,13.192442999999999,Lund_01715,Town,Neighbourhood,Building,Street,Transport,Human settlement,Architecture,Road,City,Residential area
"1718",Lund_01719,"55.7058047,13.1924625",AF1QipNtmpYIHZ3Lm6SnWzRInzpt_WwCcn2Tbnrb39Xh,55.705804700000002,13.192462500000000,Lund_01719,Town,Neighbourhood,Building,Street,Transport,Human settlement,Architecture,Road,City,Residential area
"1725",Lund_01726,"55.7051331,13.1915304",AF1QipODRzvCM7j9G9ifc9wb_d9DFqdFPAp3lC2AzS6Q,55.705133099999998,13.191530400000000,Lund_01726,Building,Architecture,Landmark,Property,Town,Medieval architecture,Facade,City,Stately home,Palace
"1746",Lund_01747,"55.7015909,13.1971719",AF1QipOOYUAbXj-L9FoVhs1gIaEXIfyymlUt33JUmGMm,55.701590899999999,13.197171900000001,Lund_01747,Building,Architecture,Classical architecture,Landmark,Facade,Palace,Official residence,City,Metropolis,Presidential palace
"1771",Lund_01772,"55.705125,13.1878619",AF1QipN06FhALefBplYteNhqbAFdvWP_EaPrIyON3KSx,55.705125000000002,13.187861900000001,Lund_01772,Building,Architecture,Mixed-use,City,,,,,,
"1808",Lund_01809,"55.7015909,13.1971719",AF1QipO9iDg_Cdh7gTCK9CnM0L-1vSeQRAf4VyL9Wtah,55.701590899999999,13.197171900000001,Lund_01809,Building,Town,Mixed-use,Neighbourhood,Architecture,Facade,City,House,Vehicle,Metropolitan area
"1823",Lund_01824,"55.7024347,13.193463",AF1QipNHA1_DXlAAScWPV8-47kLsTrHq3fPIdNoT_6jB,55.702434700000005,13.193463000000001,Lund_01824,Town square,Town,City,Public space,Atmospheric phenomenon,Plaza,Human settlement,Building,Rain,Architecture
"1832",Lund_01833,"55.7036757,13.1883242",AF1QipO08EB5LfJjdG4bhBOdQidYNEYFXdhbkn4CEHun,55.703675699999998,13.188324200000000,Lund_01833,Property,Building,Landmark,Architecture,House,Château,Estate,Town,Manor house,Real estate
"1840",Lund_01841,"55.7017085,13.1947351",AF1QipMhsWrl7aYi0oP8aIVeeDo5q0w93vzVgqPvTNyq,55.701708499999995,13.194735099999999,Lund_01841,Town,Public space,Sky,City,Human settlement,Town square,Architecture,Tourism,Road surface,Building
"1844",Lund_01845,"55.7027486,13.1932879",AF1QipOpvk4PuivKVDV3j6u023JA0brqabtONTGmXyHF,55.702748600000007,13.193287900000001,Lund_01845,Town,City,Landmark,Public space,Pedestrian,Tourism,Human settlement,Town square,Street,Urban area
"1881",Lund_01882,"55.7017085,13.1947351",AF1QipPe5Y60BUWdQu0qivDukzKiq178ZSRJWeU4RwXl,55.701708499999995,13.194735099999999,Lund_01882,Building,Town,Transport,Vehicle,Architecture,Residential area,City,Neighbourhood,Car,House
"1897",Lund_01898,"55.6982104,13.1964399",AF1QipNjONvsnaBh7NBSuKJ-EdYH0Q99zapeqE2amlfg,55.698210399999994,13.196439900000000,Lund_01898,Waterway,Metropolitan area,City,Human settlement,Mixed-use,Architecture,Condominium,Urban area,Town,Building
"1901",Lund_01902,"55.703143,13.1937996",AF1QipM-Tod4KpQm1U-iDU1RVqilDuxLR7VUvyyfZIOw,55.703143000000004,13.193799599999998,Lund_01902,Town,City,Human settlement,Landmark,Town square,Building,Public space,Plaza,Architecture,Street
"1910",Lund_01911,"55.7015403,13.198422",AF1QipPrZvOWoP0cjB1pFuxjr_KLeU5PWDhfGd9hkr0I,55.701540299999991,13.198422000000001,Lund_01911,Landmark,Building,Architecture,Sky,Property,Town,Tree,Estate,Grass,House
"1924",Lund_01925,"55.7027211,13.1930256",AF1QipMe3A9D1nnB8rE492ni0emNBSyM1uPs8dehm5D3,55.702721099999998,13.193025599999999,Lund_01925,Town,City,Human settlement,Building,Downtown,Plaza,Public space,Architecture,Mixed-use,Urban area
"1928",Lund_01929,"55.7038523,13.1890138",AF1QipPs0DO4VvcE_phVaalu8FVwFhoik9KsT2HHkjMa,55.703852299999994,13.189013800000001,Lund_01929,Building,Architecture,Property,Landmark,Facade,Town,Stately home,House,Mansion,Medieval architecture
"1947",Lund_01948,"55.7036757,13.1883242",AF1QipNNwEtJ_a4-FBHVPodjgLDTCbAL5oq6tHH5NdtI,55.703675699999998,13.188324200000000,Lund_01948,Town,Building,Château,Architecture,Sky,Medieval architecture,Roof,Steeple,Castle,Spire
"1968",Lund_01969,"55.7036757,13.1883242",AF1QipPoQ_xk1EpTh6KEHklS_Sm_GhP9VT7O6RSXDzC8,55.703675699999998,13.188324200000000,Lund_01969,Green,Sky,Property,House,Architecture,Building,Tree,Town,Grass,Estate
"1970",Lund_01971,"55.7033848,13.193825",AF1QipO8la9T7SeFyBisd6Dzw628jxFEMDA6CGRtCy7H,55.703384800000002,13.193825000000000,Lund_01971,Building,Architecture,Wall,Place of worship,Sky,Steeple,Tourism,Facade,City,Medieval architecture
"1984",Lund_01985,"55.7036439,13.1939421",AF1QipMkqSuB0yl3eSoWipyRnqnRcIgd3Ck-zSvxaW9s,55.703643900000003,13.193942100000001,Lund_01985,Medieval architecture,Wall,Building,Architecture,Brick,Facade,Brickwork,Church,Historic site,House
"1999",Lund_02000,"55.6982104,13.1964399",AF1QipOsqzByYuw7fqK3EMS6-U3q9oMjdILeHpRitduO,55.698210399999994,13.196439900000000,Lund_02000,Urban area,Metropolitan area,Tourism,Waterway,Travel,Real estate,Architecture,Leisure,City,Downtown
"2016",Lund_02017,"55.7015909,13.1971719",AF1QipNWsA7lMxWGavjV9R_q_aHFRW9ZT7GS5jLk1ZMw,55.701590899999999,13.197171900000001,Lund_02017,Body of water,Waterway,Canal,Water,Water transportation,Sky,River,Bridge,Channel,Town
"2024",Lund_02025,"55.706955,13.1928153",AF1QipOIjLiuOMj80uLK494x_-nGAj3SaD-6LmrIcM_J,55.706955000000008,13.192815300000001,Lund_02025,Property,Residential area,Building,Town,House,Neighbourhood,Architecture,Mixed-use,Real estate,Home
"2045",Lund_02046,"55.7047204,13.1878497",AF1QipO4QdnZR2WCcxwD7Rska75hZ_80V99ocz36kROQ,55.704720399999999,13.187849700000001,Lund_02046,Architecture,Building,Transport,Town,House,Vehicle,Facade,Tourism,City,Neighbourhood
"2051",Lund_02052,"55.7024347,13.193463",AF1QipPje7AhM98p0SMJ6Hvap7wGVZlFXaem0-c6o5w2,55.702434700000005,13.193463000000001,Lund_02052,Town,Urban area,Neighbourhood,Building,City,Human settlement,Architecture,Street,Waterway,Metropolitan area
"2056",Lund_02057,"55.7018055,13.1939089",AF1QipOivuUIwIooEyNg1EwMWEVf99IkEXBwfgdTiJVW,55.701805500000006,13.193908900000000,Lund_02057,Town,Landmark,City,Architecture,Building,Street,Pedestrian,Public space,Human settlement,Urban area
"2074",Lund_02076,"55.7036757,13.1883242",AF1QipNcS-PDIwuo649JUyodAHiCaCJGbV9YFyQ35QOm,55.703675699999998,13.188324200000000,Lund_02076,Landmark,Estate,Property,Building,Architecture,Sky,Grass,Town,Public space,City
"2077",Lund_02079,"55.7018055,13.1939089",AF1QipNzncdaITIHxksL0IKBBI_7x6SZbsdC4nVL3eL2,55.701805500000006,13.193908900000000,Lund_02079,Town,Building,Architecture,City,House,Medieval architecture,Almshouse,Facade,Street,History
"2079",Lund_02081,"55.7027211,13.1930256",AF1QipN56xocUICtmGLwYtZ_FKJuw2jwTi_OGcKuoYgn,55.702721099999998,13.193025599999999,Lund_02081,Snow,Winter,Freezing,Town,Street,Sky,Tree,City,Building,Architecture
"2089",Lund_02091,"55.7028102,13.192444",AF1QipNa9ZT1UzKefo52e9k387SDlVsLuMzxrjk7baKD,55.702810200000009,13.192444000000000,Lund_02091,Building,Town,Public space,Human settlement,City,Architecture,Town square,Plaza,House,Thoroughfare
"2121",Lund_02123,"55.7036757,13.1883242",AF1QipN729NvGSdITmI2vEePG1DvcykqWcZ6dd4Z2BnY,55.703675699999998,13.188324200000000,Lund_02123,Town,Neighbourhood,Building,Landmark,City,Human settlement,Architecture,Residential area,Property,Plaza
"2122",Lund_02124,"55.7027211,13.1930256",AF1QipNZYnbw8sVXzJzNs4JhRmhSmcf0IZdu4pR5mz56,55.702721099999998,13.193025599999999,Lund_02124,Town,Public space,Water,Architecture,Sculpture,Tree,Tourism,Statue,Town square,Palace
"2138",Lund_02140,"55.7022053,13.1949274",AF1QipMCwh3WDJUVQnK_1wghyhzupv_9kCbdzsNW0vHJ,55.702205299999996,13.194927400000001,Lund_02140,Building,Architecture,Landmark,City,Town,Human settlement,Mixed-use,Urban area,Facade,Sky
"2148",Lund_02150,"55.7043217,13.192504",AF1QipM1Lx936-5GuqmFYyk1KnAQmT8DpsZq_BjRH2X8,55.704321700000008,13.192504000000001,Lund_02150,Medieval architecture,Architecture,Landmark,Building,Place of worship,Church,Gothic architecture,Cathedral,Steeple,Historic site
"2159",Lund_02161,"55.7036757,13.1883242",AF1QipM2J3mGDCbiicpzmW_btcOfTQVgCot8H_DGjvvU,55.703675699999998,13.188324200000000,Lund_02161,Building,Architecture,Town,Landmark,Neighbourhood,Facade,City,Mixed-use,Medieval architecture,Apartment
"2407",Lund_02412,"55.7022055,13.1959777",AF1QipO2AxTpxtJWe5xttPK5G_XCYmYOeSBYjm5F1HEk,55.702205500000005,13.195977700000000,Lund_02412,Building,Property,Architecture,Landmark,Estate,Town,Château,Stately home,House,Tree
"2415",Lund_02420,"55.706647,13.191084",AF1QipO5fP6XDoNCxV4-2tpnTqV4ZOplwsgX3IFcVf2R,55.706646999999997,13.191084000000000,Lund_02420,Building,Architecture,Transport,Facade,City,House,Mixed-use,,,
"2534",Lund_02539,"55.7019527,13.1919203",AF1QipPGfdONvDrZJM2gv_gTyGdWx0Uhu0_T6nFUvAdT,55.701952700000000,13.191920300000001,Lund_02539,Property,Building,House,Architecture,Town,Facade,Home,Neighbourhood,Window,Residential area
"2538",Lund_02543,"55.6974785,13.1930119",AF1QipPLkCd0fRAHN1szolCwiN3VnXfW0U-DfFAWSbIU,55.697478500000003,13.193011900000000,,,,,,,,,,,
"2598",Lund_02603,"55.7043078,13.1896405",AF1QipPYg0txpcgZvgdIueDKiz0kYTb5DK7E6RT4KwV1,55.704307799999995,13.189640499999999,,,,,,,,,,,
"2636",Lund_02641,"55.7038523,13.1890138",AF1QipPFqXbzoBJyWAAf9CQFm80Sb5kON5RpLP8xlmcC,55.703852299999994,13.189013800000001,Lund_02641,Roof,Snow,Town,Winter,House,Neighbourhood,Home,Sky,Residential area,Architecture
"2666",Lund_02671,"55.7046601,13.1910073",AF1QipPceT_IKM8vFFWCDe31WtMnebRKg5Mnh-5n3Bgr,55.704660100000005,13.191007300000001,Lund_02671,Town,Residential area,Neighbourhood,Property,Building,Street,Human settlement,Road,City,Architecture
"2679",Lund_02684,"55.7041678,13.189612",AF1QipOrR2tuZJLVtaZbAGlKylnQegjYQ2ts-77d1hHD,55.704167799999993,13.189612000000000,,,,,,,,,,,
"2728",Lund_02733,"55.7042217,13.189611",AF1QipN6GSmCAaM0iDgO2UaUWqsJqOxMmmpZO2wPX7LT,55.704221700000005,13.189610999999999,,,,,,,,,,,
"2786",Lund_02791,"55.7046601,13.1910073",AF1QipM4YlDD-JnT_Aex0MGmE03jFMwYXAJpRUQUQIDg,55.704660100000005,13.191007300000001,Lund_02791,Holy places,Arch,Building,Architecture,Chapel,Interior design,Place of worship,Church,Byzantine architecture,Vault
"2787",Lund_02792,"55.7046601,13.1910073",AF1QipNsCFA7O9NOKLCsWlQ9HAhW-VUIBsQIWL3CoNzp,55.704660100000005,13.191007300000001,Lund_02792,Landmark,Architecture,Building,Night,Sky,Light,Lighting,Medieval architecture,Cathedral,Facade
"2788",Lund_02793,"55.7046601,13.1910073",AF1QipO2UEBjQ8erz78awESQ6s_I2wzSbpnwQxzJhN56,55.704660100000005,13.191007300000001,Lund_02793,Bicycle,Bicycle wheel,Vehicle,Mode of transport,Waterway,Autumn,Tree,Snapshot,Transport,Urban area
"2789",Lund_02794,"55.7046601,13.1910073",AF1QipPpSNNBl_Hk0HpJ3SRUv2yUSs_7kH5Q89ih9_18,55.704660100000005,13.191007300000001,Lund_02794,Sky,Natural landscape,Morning,Grass,Green,Tree,Atmospheric phenomenon,Daytime,Lawn,Leaf
"2790",Lund_02795,"55.7046601,13.1910073",AF1QipOJ9h5HGN7paMl7BNBGjx1mv5x9bRR1aSzO9M0C,55.704660100000005,13.191007300000001,Lund_02795,Holy places,Architecture,Arch,Building,Basilica,Art,,,,
"2791",Lund_02796,"55.7046601,13.1910073",AF1QipOovFDm2lMbJwi-8iLjZKoIBB-bMI2Ua1AS0XgA,55.704660100000005,13.191007300000001,Lund_02796,Tree,Branch,Twig,Woody plant,Plant,Leaf,Sky,Sunlight,Deciduous,Plant stem
"2806",Lund_02811,"55.7027211,13.1930256",AF1QipNEgXp8qgjvFaSksWRWMTAXMK02ph_vr0ppv25w,55.702721099999998,13.193025599999999,Lund_02811,Building,Town,Town square,Human settlement,Property,City,Plaza,Public space,Palace,Architecture
"2808",Lund_02813,"55.7035485,13.1909598",AF1QipMt4h0Hh65qSGyUOQb5FS3y_KOBNAH9IpBljLpG,55.703548499999997,13.190959800000000,Lund_02813,Landmark,Building,Architecture,Classical architecture,Medieval architecture,Facade,Historic site,Place of worship,Cathedral,City
"2844",Lund_02849,"55.7038523,13.1890138",AF1QipONCFrheEmFgfHyrPfbuP_oU2Q6fnatjXupFjvw,55.703852299999994,13.189013800000001,Lund_02849,Building,Town,Landmark,Architecture,City,Human settlement,Plaza,Facade,Town square,House
"2850",Lund_02855,"55.701895,13.189741",AF1QipOLcvFVszCgsa7hzRVYoXR-MOVhOlHSSm6r1HNa,55.701894999999993,13.189741000000000,Lund_02855,Fountain,Water,Water feature,Building,Public space,Watercourse,Tree,Architecture,City,Palace
"2859",Lund_02864,"55.7038523,13.1890138",AF1QipNpt550TmMO6UFWIZlB9Sag2ZvyiPQ0TMQCKvxL,55.703852299999994,13.189013800000001,Lund_02864,Winter,Landmark,Property,Snow,Building,Architecture,Tree,Home,Freezing,Town
"2872",Lund_02877,"55.7038778,13.1922319",AF1QipPcEc4O7Uf1Uawcl1BRstKa-ewQVuPvYppp_WfC,55.703877799999994,13.192231900000001,,,,,,,,,,,
"3000",Lund_03110,"55.70447,13.1915743",AF1QipPcS3i6WnjTa2hmczfYMvdVESOrAb4x0h1hUCNU,55.704469999999993,13.191574300000001,Lund_03110,Water,Reflecting pool,Fountain,Water feature,Grass,Photography,Architecture,Landscape,Landscaping,Park
"3056",Lund_03178,"55.7038523,13.1890138",AF1QipOTtpVCiRZhsj9XKwKMunE1fadTX9SLWZqzmpJM,55.703852299999994,13.189013800000001,Lund_03178,Building,Architecture,Landmark,Property,Town,House,Sky,Facade,Mansion,City
"3074",Lund_03196,"55.7036757,13.1883242",AF1QipM3Mq_ZFu_LRRfNDW2nF4K8guKwYsRJb9Emkwyl,55.703675699999998,13.188324200000000,Lund_03196,Building,Estate,Property,Château,Mansion,Stately home,Manor house,Architecture,Historic house,Palace
